Биграмма,Частота
"('специализированный', 'перевозка')",22
"('кран', 'манипулятор')",21
"('рабочий', 'платформа')",17
"('специальный', 'автомобиль')",15
"('автомобиль', 'фургон')",14
"('специализированный', 'прицеп')",14
"('гусеничный', 'ход')",14
"('специальный', 'передвижной')",14
"('каток', 'дорожный')",13
"('прицеп', 'тракторный')",12
"('общий', 'назначение')",12
"('транспортный', 'средство')",12
"('специальный', 'машина')",12
"('грузовой', 'бортовой')",11
"('погрузчик', 'фронтальный')",11
"('специализированный', 'автомобиль')",11
"('погрузчик', 'колесный')",11
"('фургон', 'изотермический')",10
"('буровой', 'установка')",10
"('кран', 'стреловой')",10
"('седельный', 'тягач')",9
"('экскаватор', 'одноковшовый')",9
"('экскаватор', 'погрузчик')",9
"('автомобиль', 'бортовой')",9
"('оснащать', 'кран')",9
"('фургон', 'рефрижератор')",9
"('колесный', 'ход')",9
"('подъемник', 'рабочий')",9
"('мини', 'погрузчик')",8
"('специальный', 'прицеп')",8
"('фронтальный', 'погрузчик')",8
"('специализированный', 'полуприцеп')",8
"('самоходный', 'гусеничный')",8
"('погрузчик', 'одноковшовый')",8
"('вилочный', 'погрузчик')",8
"('бортовый', 'поворот')",8
"('автомобиль', 'специальный')",7
"('машина', 'коммунальный')",7
"('автомобиль', 'самосвал')",7
"('автомобиль', 'тягач')",7
"('бортовой', 'платформа')",7
"('кму', 'специализированный')",7
"('автомобиль', 'сортиментовоз')",7
"('тягач', 'лесовозный')",7
"('трактор', 'колесный')",7
"('фронтальный', 'одноковшовый')",7
"('вилочный', 'автопогрузчик')",6
"('самосвал', 'кму')",6
"('тягач', 'седельный')",6
"('крюковой', 'погрузчик')",6
"('погрузчик', 'телескопический')",6
"('ломовоз', 'кму')",6
"('подметальный', 'уборочный')",6
"('специальный', 'грузовой')",6
"('прицеп', 'перевозка')",6
"('колесный', 'погрузчик')",6
"('колесный', 'сельскохозяйственный')",6
"('самоходный', 'установка')",6
"('погрузчик', 'экскаватор')",6
"('машина', 'дорожный')",6
"('одноковшовый', 'колесный')",6
"('грузоподъемный', 'борт')",6
"('платформа', 'специальный')",6
"('кму', 'прицеп')",5
"('прицеп', 'бортовой')",5
"('прицеп', 'роспуск')",5
"('дробильный', 'установка')",5
"('машина', 'вакуумный')",5
"('тракторный', 'специальный')",5
"('бортовой', 'полуприцеп')",5
"('грузовой', 'фургон')",5
"('специализированный', 'пассажирский')",5
"('автопогрузчик', 'вилочный')",5
"('автомобиль', 'грузовой')",5
"('специализированный', 'фургон')",5
"('перевозка', 'сменный')",5
"('сменный', 'кузов')",5
"('перевозка', 'пищевой')",5
"('пищевой', 'жидкость')",5
"('вилочный', 'захват')",5
"('полуприцеп', 'тент')",5
"('тент', 'специальный')",5
"('направлять', 'бурение')",5
"('каток', 'вибрационный')",5
"('специальный', 'мобильный')",5
"('машина', 'специальный')",5
"('установка', 'специальный')",5
"('полуприцеп', 'тракторный')",5
"('дорожный', 'машина')",5
"('манипулятор', 'специальный')",5
"('экскаватор', 'колесный')",5
"('специализированный', 'автоцистерна')",5
"('гусеничный', 'экскаватор')",5
"('погрузчик', 'бортовый')",5
"('экскаватор', 'гусеничный')",5
"('специализированный', 'транспортный')",5
"('средство', 'перевозка')",5
"('телескопический', 'стрела')",5
"('трактор', 'сельскохозяйственный')",5
"('одноковшовый', 'полноповоротный')",5
"('автобус', 'перевозка')",4
"('бурильный', 'крановый')",4
"('парогенераторный', 'установка')",4
"('бортовой', 'кму')",4
"('лесовоз', 'кму')",4
"('сортиментовоз', 'кму')",4
"('бортовой', 'прицеп')",4
"('полуприцеп', 'цистерна')",4
"('машина', 'внесение')",4
"('одноковшовый', 'гусеничный')",4
"('вагон', 'дом')",4
"('мини', 'экскаватор')",4
"('перевозка', 'опасный')",4
"('опасный', 'груз')",4
"('рефрижератор', 'гидроборт')",4
"('фургон', 'общий')",4
"('самоходный', 'подъемник')",4
"('прицеп', 'специальный')",4
"('кму', 'погрузчик')",4
"('манипулятор', 'автомобильный')",4
"('специализированный', 'самосвал')",4
"('фронтальный', 'колесный')",4
"('полуприцеп', 'самосвал')",4
"('бортовой', 'оснащать')",4
"('кму', 'автомобиль')",4
"('колесный', 'экскаватор')",4
"('специальный', 'агрегат')",4
"('трактор', 'промышленный')",4
"('специальный', 'оснащать')",4
"('ножничный', 'подъемник')",4
"('автомобиль', 'ломовоз')",4
"('перевозка', 'нефтепродукт')",4
"('кму', 'специальный')",4
"('специализированный', 'сортиментовоз')",4
"('установка', 'разведочный')",4
"('разведочный', 'бурение')",4
"('специальный', 'самосвал')",4
"('сельскохозяйственный', 'трактор')",4
"('платформа', 'тент')",4
"('полуприцеп', 'фургон')",4
"('одноковшовый', 'погрузчик')",4
"('специальный', 'многофункциональный')",4
"('телескопический', 'погрузчик')",4
"('трактор', 'гусеничный')",4
"('рефрижератор', 'грузоподъемный')",4
"('специальный', 'асмп')",4
"('снегоболотоход', 'колесный')",4
"('мастерский', 'передвижной')",4
"('специальный', 'установка')",4
"('машина', 'бурильный')",4
"('машина', 'автомобиль')",4
"('погрузчик', 'специальный')",4
"('вакуумный', 'подметальный')",4
"('самоходный', 'колесный')",4
"('стреловой', 'самоходный')",4
"('самоходный', 'телескопический')",4
"('экскаватор', 'гидравлический')",4
"('сортировочная', 'установка')",4
"('фургон', 'хлебный')",3
"('установка', 'насосный')",3
"('фронтальный', 'вилочный')",3
"('кму', 'сортиментовоз')",3
"('седельный', 'кму')",3
"('контейнеровоз', 'прицеп')",3
"('вилочный', 'электропогрузчик')",3
"('погрузчик', 'прицеп')",3
"('разметочный', 'машина')",3
"('крановый', 'машина')",3
"('буровой', 'машина')",3
"('коммунальный', 'машина')",3
"('машина', 'машина')",3
"('кран', 'самоходный')",3
"('прицеп', 'самосвал')",3
"('агрегат', 'депарафинизация')",3
"('установка', 'смесительный')",3
"('экскаватор', 'перегружатель')",3
"('экскаватор', 'планировщик')",3
"('платформа', 'буровой')",3
"('перевозка', 'инвалид')",3
"('фургон', 'перевозка')",3
"('сортиментовоз', 'гму')",3
"('буровой', 'станок')",3
"('пожарный', 'автомобиль')",3
"('автомобиль', 'перевозка')",3
"('компрессорный', 'станция')",3
"('коленчатый', 'подъемник')",3
"('грузовой', 'рефрижератор')",3
"('очистка', 'канализационный')",3
"('канализационный', 'сеть')",3
"('прицеп', 'изотермический')",3
"('коммунальный', 'строительный')",3
"('электрический', 'подъемник')",3
"('смесительный', 'зарядный')",3
"('пассажирский', 'транспортный')",3
"('грузовой', 'тягач')",3
"('бортовой', 'автомобиль')",3
"('изотермический', 'автомобиль')",3
"('грузовой', 'кму')",3
"('фургон', 'специализированный')",3
"('специальный', 'седельный')",3
"('погрузчик', 'вилочный')",3
"('назначение', 'специальный')",3
"('специальный', 'мусоровоз')",3
"('мусоровоз', 'задний')",3
"('задний', 'загрузка')",3
"('машина', 'прицеп')",3
"('дорожный', 'каток')",3
"('специальный', 'специализированный')",3
"('специализированный', 'грузовой')",3
"('мобильный', 'дробильный')",3
"('бурильный', 'установка')",3
"('погрузчик', 'погрузчик')",3
"('горизонтально', 'направлять')",3
"('бурение', 'специальный')",3
"('подъемник', 'ножничный')",3
"('агрегат', 'подъемный')",3
"('подъемный', 'ремонт')",3
"('перевозка', 'временный')",3
"('временный', 'хранение')",3
"('хранение', 'взрывчатый')",3
"('взрывчатый', 'вещество')",3
"('установка', 'мобильный')",3
"('колесный', 'специальный')",3
"('установка', 'сваебойный')",3
"('специальный', 'бортовой')",3
"('щековый', 'дробилка')",3
"('бортовой', 'тент')",3
"('установка', 'специализированный')",3
"('манипулятор', 'специализированный')",3
"('специальный', 'автоэвакуатор')",3
"('дорожный', 'самоходный')",3
"('бетоносмесительный', 'машина')",3
"('функция', 'самозагрузка')",3
"('погрузчик', 'малогабаритный')",3
"('полуприцеп', 'грузовой')",3
"('сжиженный', 'углеводородный')",3
"('углеводородный', 'газ')",3
"('специализированный', 'рефрижератор')",3
"('одноковшовый', 'фронтальный')",3
"('лесовозный', 'гм')",3
"('вакуумный', 'специальный')",3
"('колесный', 'автомобиль')",3
"('специальный', 'мультилифт')",3
"('машина', 'комбинировать')",3
"('установка', 'горизонтальный')",3
"('машина', 'грузовой')",3
"('погрузчик', 'универсальный')",3
"('бортовый', 'платформа')",3
"('каток', 'специальный')",3
"('автоцистерна', 'специальный')",3
"('комбайн', 'кормоуборочный')",3
"('передвижной', 'парогенераторный')",3
"('перевозка', 'крупногабаритный')",3
"('автомобиль', 'металловоз')",3
"('самоходный', 'буровой')",3
"('дорожный', 'мастер')",3
"('подъемник', 'коленчатый')",3
"('фронтальный', 'специализированный')",3
"('сортиментовоз', 'гм')",3
"('универсальный', 'машина')",3
"('коммунальный', 'хозяйство')",3
"('бортовой', 'кран')",3
"('самоходный', 'экскаватор')",3
"('гусеничный', 'специализированный')",3
"('специальный', 'перевозка')",3
"('дизельный', 'насосный')",3
"('перевозка', 'зерно')",3
"('зерно', 'комбикорм')",3
"('погрузчик', 'специализированный')",3
"('комбинированный', 'дорожный')",3
"('машина', 'специализированный')",3
"('автопогрузчик', 'специальный')",3
"('полуприцеп', 'перевозка')",3
"('автомобиль', 'вахтовый')",3
"('агрегат', 'цементировочный')",3
"('специальный', 'автобус')",3
"('машина', 'самоходный')",3
"('специальный', 'подъемник')",3
"('хлебобулочный', 'изделие')",3
"('машина', 'погрузочный')",3
"('мобильный', 'сортировочная')",3
"('дорожный', 'разметочный')",3
"('бортовой', 'тентованный')",3
"('колесный', 'малогабаритный')",3
"('комплекс', 'специальный')",3
"('уборочный', 'машина')",3
"('специальный', 'эвакуатор')",3
"('мобильный', 'подъемник')",3
"('перевозка', 'скот')",3
"('вибрационный', 'каток')",3
"('специальный', 'фургон')",3
"('груз', 'полуприцеп')",3
"('установка', 'буровой')",3
"('роторный', 'буровой')",3
"('автопогрузчик', 'колесный')",3
"('дом', 'передвижной')",3
"('одноковшовый', 'самоходный')",3
"('установка', 'гусеничный')",3
"('поворот', 'самоходный')",3
"('подъемник', 'самоходный')",3
"('колесный', 'одноковшовый')",3
"('асмп', 'класс')",3
"('подьемник', 'рабочий')",3
"('изотермический', 'фургон')",2
"('фургон', 'промтоварный')",2
"('фургон', 'цельнометаллический')",2
"('перевозка', 'ребенок')",2
"('автобус', 'городской')",2
"('автоцистерна', 'пищевой')",2
"('автомобиль', 'скорый')",2
"('кму', 'лесовоз')",2
"('мультилифт', 'кму')",2
"('кму', 'самосвал')",2
"('эвакуатор', 'кму')",2
"('дизель', 'генератор')",2
"('промтоварный', 'прицеп')",2
"('прицеп', 'самосвальный')",2
"('самосвальный', 'прицеп')",2
"('прицеп', 'цистерна')",2
"('прицеп', 'контейнеровоз')",2
"('прицеп', 'лесовоз')",2
"('прицепной', 'установка')",2
"('прицеп', 'сортиментовоз')",2
"('сортиментовоз', 'полуприцеп')",2
"('полуприцеп', 'изотермический')",2
"('полуприцеп', 'самосвальный')",2
"('самосвальный', 'полуприцеп')",2
"('полуприцеп', 'рефрижератор')",2
"('рефрижератор', 'полуприцеп')",2
"('экскаватор', 'многоковшовый')",2
"('бульдозер', 'колесный')",2
"('каток', 'самоходный')",2
"('машина', 'уборка')",2
"('кран', 'трубоукладчик')",2
"('телескопический', 'автопогрузчик')",2
"('тракторный', 'самосвальный')",2
"('прицеп', 'зерновоз')",2
"('депарафинизация', 'скважина')",2
"('прицеп', 'измельчитель')",2
"('прицеп', 'пескоразбрасыватель')",2
"('смеситель', 'кормораздатчик')",2
"('сортировочный', 'установка')",2
"('валочный', 'пакетировать')",2
"('шторный', 'прицеп')",2
"('полуприцеп', 'платформа')",2
"('машина', 'илососный')",2
"('кму', 'ломовоз')",2
"('бункер', 'перегрузчик')",2
"('подъемник', 'каротажный')",2
"('автоцистерна', 'вакуумный')",2
"('портальный', 'погрузчик')",2
"('баровой', 'грунторезный')",2
"('грунторезный', 'машина')",2
"('автоцистерна', 'пожарный')",2
"('трактор', 'погрузчик')",2
"('погрузчик', 'строительный')",2
"('машина', 'полуприцеп')",2
"('кислотный', 'обработка')",2
"('обработка', 'скважина')",2
"('машина', 'строительство')",2
"('строительство', 'содержание')",2
"('содержание', 'дорога')",2
"('гидроборт', 'прицеп')",2
"('изотермический', 'бортовой')",2
"('установка', 'полуприцеп')",2
"('полуприцеп', 'контейнеровоз')",2
"('автофургон', 'рефрижератор')",2
"('установка', 'кран')",2
"('органический', 'удобрение')",2
"('полуприцеп', 'тяжеловоз')",2
"('кму', 'грузовой')",2
"('грузовой', 'специальный')",2
"('грузовой', 'седельный')",2
"('седельный', 'автомобиль')",2
"('тягач', 'кму')",2
"('фургон', 'кран')",2
"('передвижной', 'мастерская')",2
"('машина', 'каток')",2
"('ворота', 'погрузчик')",2
"('полуприцеп', 'общий')",2
"('колесный', 'мини')",2
"('манипулятор', 'автомобиль')",2
"('перевозка', 'продукт')",2
"('продукт', 'питание')",2
"('специальный', 'кму')",2
"('специализированный', 'бортовой')",2
"('специальный', 'экскаватор')",2
"('погрузчик', 'кран')",2
"('ход', 'полуприцеп')",2
"('передвижной', 'лаборатория')",2
"('лаборатория', 'специальный')",2
"('машина', 'строительный')",2
"('строительный', 'бурильный')",2
"('ремонт', 'бурение')",2
"('бурение', 'скважина')",2
"('скважина', 'специализированный')",2
"('измельчитель', 'специальный')",2
"('вибрационный', 'двухосный')",2
"('установка', 'горизонтально')",2
"('вещество', 'изделие')",2
"('изделие', 'специальный')",2
"('мобильный', 'медицинский')",2
"('буровой', 'самоходный')",2
"('установка', 'измельчитель')",2
"('бурильный', 'машина')",2
"('полноповоротный', 'погрузчик')",2
"('экскаватор', 'грузовой')",2
"('грузовой', 'автомобиль')",2
"('назначение', 'специализированный')",2
"('перевозка', 'животное')",2
"('дробильный', 'сортировочный')",2
"('строительный', 'машина')",2
"('специальный', 'автолавка')",2
"('машина', 'смесительный')",2
"('стабилизация', 'регенерация')",2
"('регенерация', 'дорожный')",2
"('дорожный', 'полотно')",2
"('ход', 'специальный')",2
"('литой', 'асфальт')",2
"('шахтный', 'самосвал')",2
"('специальный', 'автобетоносмеситель')",2
"('рефрижератор', 'грузовой')",2
"('автомобильный', 'бортовой')",2
"('самоходный', 'вибрационный')",2
"('машина', 'функция')",2
"('универсальный', 'погрузчик')",2
"('колесный', 'полуприцеп')",2
"('тягач', 'специальный')",2
"('специальный', 'мастерская')",2
"('мастерская', 'кму')",2
"('перевозка', 'сжиженный')",2
"('специальный', 'лаборатория')",2
"('рефрижератор', 'машина')",2
"('машина', 'выемка')",2
"('прицеп', 'грузовой')",2
"('комбайн', 'специализированный')",2
"('специальный', 'обслуживание')",2
"('обслуживание', 'нефтяной')",2
"('нефтяной', 'газовый')",2
"('газовый', 'скважина')",2
"('вибрационный', 'автомобиль')",2
"('бортовой', 'шторный')",2
"('шторный', 'механизм')",2
"('служба', 'специальный')",2
"('борт', 'самоходный')",2
"('самоходный', 'бурильный')",2
"('погрузчик', 'штабелер')",2
"('погрузчик', 'машина')",2
"('машина', 'универсальный')",2
"('тент', 'ворота')",2
"('изотермический', 'грузоподъемный')",2
"('перегружатель', 'колесный')",2
"('комбинировать', 'специальный')",2
"('горизонтальный', 'направлять')",2
"('трактор', 'специализированный')",2
"('пищевой', 'продукт')",2
"('манипулятор', 'погрузчик')",2
"('фронтальный', 'телескопический')",2
"('коммунальный', 'дорожный')",2
"('лесовозный', 'кму')",2
"('установка', 'промысловый')",2
"('промысловый', 'паровой')",2
"('паровой', 'передвижной')",2
"('самосвал', 'гму')",2
"('погрузчик', 'каток')",2
"('комбайн', 'зерноуборочный')",2
"('стреловой', 'гусеничный')",2
"('крупногабаритный', 'тяжеловесный')",2
"('тяжеловесный', 'груз')",2
"('груз', 'специализированный')",2
"('автоцистерна', 'перевозка')",2
"('металловоз', 'кму')",2
"('кму', 'самоходный')",2
"('сортиментовоз', 'гидроманипулятор')",2
"('специальный', 'коммунальный')",2
"('электропогрузчик', 'вилочный')",2
"('одноковшовый', 'специальный')",2
"('жидкость', 'подъемник')",2
"('гидравлический', 'специальный')",2
"('тракторный', 'сельскохозяйственный')",2
"('автопогрузчик', 'агрегат')",2
"('агрегат', 'сварочный')",2
"('сварочный', 'самоходный')",2
"('изотермический', 'специализированный')",2
"('бортовой', 'тентованый')",2
"('рефрижератор', 'специальный')",2
"('специальный', 'автоцистерна')",2
"('передвижной', 'дизельный')",2
"('насосный', 'установка')",2
"('стреловой', 'кран')",2
"('бульдозер', 'гусеничный')",2
"('самосвал', 'специализированный')",2
"('специализированный', 'цистерна')",2
"('гм', 'автомобиль')",2
"('сваевдавливать', 'копер')",2
"('грузовой', 'изотермический')",2
"('подземный', 'работа')",2
"('промышленный', 'специализированный')",2
"('специализированный', 'лесовоз')",2
"('колесный', 'фронтальный')",2
"('автомобиль', 'медицинский')",2
"('медицинский', 'служба')",2
"('сортиментовоз', 'автомобиль')",2
"('специальный', 'рефрижератор')",2
"('погрузчик', 'электрический')",2
"('многофункциональный', 'погрузчик')",2
"('машина', 'очистка')",2
"('перевозка', 'груз')",2
"('платформа', 'кму')",2
"('вилочный', 'дизельный')",2
"('дизельный', 'автопогрузчик')",2
"('газовый', 'конденсат')",2
"('материал', 'машина')",2
"('самоходный', 'прицеп')",2
"('сельскохозяйственный', 'автомобиль')",2
"('специальный', 'сортиментовоз')",2
"('гусеничный', 'прицеп')",2
"('изотермический', 'специальный')",2
"('роспуск', 'лесовозный')",2
"('лесовозный', 'специальный')",2
"('снегоочиститель', 'шнекороторный')",2
"('гусеничный', 'вездеход')",2
"('электрический', 'ричтрак')",2
"('подъемник', 'автомобильный')",2
"('гусеничный', 'трелевочный')",2
"('трелевочный', 'специальный')",2
"('самосвал', 'специальный')",2
"('оснащать', 'подъемник')",2
"('бурильный', 'шнековый')",2
"('шнековый', 'самоходный')",2
"('автомобиль', 'кран')",2
"('самоходный', 'опрыскиватель')",2
"('карьерный', 'самосвал')",2
"('специальный', 'крюковой')",2
"('смесительный', 'гидратация')",2
"('гидратация', 'смесь')",2
"('барабанный', 'просеиватель')",2
"('раздатчик', 'корм')",2
"('специальный', 'транспортный')",2
"('бульдозерный', 'оборудование')",2
"('оборудование', 'погрузчик')",2
"('колесный', 'вилочный')",2
"('перевозка', 'хлебобулочный')",2
"('машина', 'каналопромывочный')",2
"('мобильный', 'буровой')",2
"('трактор', 'малогабаритный')",2
"('самоходный', 'бетоносмесительный')",2
"('кормоуборочный', 'самоходный')",2
"('прицеп', 'тяжеловоз')",2
"('энергетический', 'самоходный')",2
"('самоходный', 'разбрасыватель')",2
"('фургон', 'специальный')",2
"('строительный', 'фронтальный')",2
"('гусеничный', 'кран')",2
"('передвижной', 'компрессорный')",2
"('подъемник', 'автомобиль')",2
"('самоходный', 'каток')",2
"('тандемный', 'вибрационный')",2
"('платформа', 'специализированный')",2
"('прицеп', 'фургон')",2
"('перевозка', 'автомобиль')",2
"('автомобиль', 'автомобиль')",2
"('дизельный', 'погрузчик')",2
"('специальный', 'мастерский')",2
"('передвижной', 'кму')",2
"('специализированный', 'контейнеровоз')",2
"('тракторный', 'подметальный')",2
"('каток', 'машина')",2
"('трактор', 'бульдозерный')",2
"('кран', 'гусеничный')",2
"('машина', 'гусеничный')",2
"('цементировочный', 'специальный')",2
"('сваебойный', 'установка')",2
"('автопогрузчик', 'дизельный')",2
"('самоходный', 'вилочный')",2
"('дорожный', 'фреза')",2
"('машина', 'лесной')",2
"('распашной', 'ворот')",2
"('мобильный', 'офис')",2
"('тракторный', 'универсальный')",2
"('универсальный', 'специализированный')",2
"('вакуумный', 'машина')",2
"('бетоносмеситель', 'самозагрузка')",2
"('специальный', 'бункер')",2
"('подъемник', 'специальный')",2
"('погрузчик', 'полноповоротный')",2
"('неповоротный', 'отвал')",2
"('полноповоротный', 'экскаватор')",2
"('дизельный', 'вилочный')",2
"('вездеход', 'специализированный')",2
"('вибрационный', 'комбинированный')",2
"('копер', 'гусеничный')",2
"('сельскохозяйственный', 'работа')",2
"('передвижной', 'прицеп')",2
"('прицеп', 'здание')",2
"('здание', 'мобильный')",2
"('самоходный', 'машина')",2
"('трактор', 'специальный')",2
"('моторный', 'подогреватель')",2
"('подметальный', 'уборочная')",2
"('кму', 'машина')",2
"('установка', 'экскаватор')",2
"('гидравлический', 'гусеничный')",2
"('подъемник', 'экскаватор')",2
"('взрывчатый', 'материал')",2
"('комбайн', 'картофелеуборочный')",2
"('гусеничный', 'гидравлический')",2
"('роторный', 'дробилка')",2
"('полноповоротный', 'гусеничный')",2
"('вилочный', 'самоходный')",2
"('подъемник', 'телескопический')",2
"('сельскохозяйственный', 'назначение')",2
"('коленчатый', 'самоходный')",2
"('дорожный', 'тандемный')",2
"('назначение', 'полуприцеп')",2
"('гидравлический', 'полноповоротный')",2
"('ремонт', 'скважина')",2
"('скважина', 'колесный')",2
"('экскаватор', 'самоходный')",2
"('погрузчик', 'гусеничный')",2
"('грохот', 'экскаватор')",2
"('платформа', 'передвижной')",2
"('передвижной', 'механизировать')",2
"('гусеничный', 'полноповоротный')",2
"('полноповоротный', 'полуприцеп')",2
"('подъемный', 'рабочий')",2
"('мобильный', 'ножничный')",2
"('стрела', 'машина')",2
"('самоходный', 'самоходный')",2
"('изотермический', 'подъемник')",2
"('малогабаритный', 'полуприцеп')",2
"('сельскохозяйственный', 'колесный')",2
"('мобильный', 'подьемник')",2
"('платформа', 'коленчатый')",2
"('коленчатый', 'стрела')",2
"('ножничный', 'колесный')",2
"('колесный', 'самоходный')",2
"('погрузчик', 'дизельный')",2
"('самоходный', 'бетоносмеситель')",2
"('штабелер', 'электрический')",2
"('гусеничный', 'мини')",2
"('автопогрузчик', 'телескопический')",2
"('бортовой', 'пикап')",1
"('пикап', 'бронированный')",1
"('бронированный', 'фургон')",1
"('фургон', 'грузопассажирский')",1
"('грузопассажирский', 'фургон')",1
"('промтоварный', 'фургон')",1
"('хлебный', 'фургон')",1
"('цельнометаллический', 'фургон')",1
"('фургон', 'седельный')",1
"('тягач', 'багги')",1
"('багги', 'автобус')",1
"('ребенок', 'вахтовый')",1
"('вахтовый', 'автобус')",1
"('городской', 'автобус')",1
"('автобус', 'междугородний')",1
"('междугородний', 'автобус')",1
"('автобус', 'ритуальный')",1
"('ритуальный', 'автобус')",1
"('автобус', 'туристический')",1
"('туристический', 'автобус')",1
"('автобус', 'автобетоновоз')",1
"('автобетоновоз', 'автобетононасос')",1
"('автобетононасос', 'автобетоносмеситель')",1
"('автобетоносмеситель', 'автогудронатор')",1
"('автогудронатор', 'автоцистерна')",1
"('автоцистерна', 'автоцистерна')",1
"('автоцистерна', 'нефтепродукт')",1
"('нефтепродукт', 'автоцистерна')",1
"('автоцистерна', 'сг')",1
"('сг', 'автоцистерна')",1
"('пищевой', 'прицеп')",1
"('прицеп', 'рефрижератор')",1
"('рефрижератор', 'кормовоз')",1
"('кормовоз', 'лесовоз')",1
"('лесовоз', 'мусоровоз')",1
"('мусоровоз', 'сортиментовоз')",1
"('сортиментовоз', 'установка')",1
"('насосный', 'цементировочный')",1
"('цементировочный', 'агрегат')",1
"('агрегат', 'катафалк')",1
"('катафалк', 'санитарный')",1
"('санитарный', 'автомобиль')",1
"('скорый', 'помощь')",1
"('помощь', 'автокран')",1
"('автокран', 'бурильный')",1
"('крановый', 'тс')",1
"('тс', 'фронтальный')",1
"('автопогрузчик', 'маслозаправщик')",1
"('маслозаправщик', 'топливозаправщик')",1
"('топливозаправщик', 'аварийный')",1
"('аварийный', 'автомобиль')",1
"('автомобиль', 'автолаборатория')",1
"('автолаборатория', 'автолавка')",1
"('автолавка', 'автомастерская')",1
"('автомастерская', 'автомобиль')",1
"('специальный', 'парогенераторный')",1
"('установка', 'автоподъемник')",1
"('автоподъемник', 'платформа')",1
"('платформа', 'бортовой')",1
"('кму', 'автомастерская')",1
"('автомастерская', 'кму')",1
"('кму', 'мультилифт')",1
"('кму', 'тягач')",1
"('кму', 'эвакуатор')",1
"('эвакуатор', 'эвакуатор')",1
"('прицеп', 'дизель')",1
"('генератор', 'прицеп')",1
"('прицеп', 'компрессор')",1
"('компрессор', 'прицеп')",1
"('прицеп', 'промтоварный')",1
"('прицеп', 'инсинератор')",1
"('инсинератор', 'прицеп')",1
"('прицеп', 'трейлер')",1
"('трейлер', 'жатка')",1
"('жатка', 'прицеп')",1
"('цистерна', 'прицеп')",1
"('лесовоз', 'прицепной')",1
"('установка', 'ремонт')",1
"('ремонт', 'дорога')",1
"('дорога', 'прицеп')",1
"('роспуск', 'прицеп')",1
"('изотермический', 'полуприцеп')",1
"('полуприцеп', 'автовоз')",1
"('автовоз', 'полуприцеп')",1
"('полуприцеп', 'зерновоз')",1
"('зерновоз', 'квадроцикл')",1
"('квадроцикл', 'полуприцеп')",1
"('полуприцеп', 'лесовоз')",1
"('лесовоз', 'полуприцеп')",1
"('полуприцеп', 'панелевоз')",1
"('панелевоз', 'полуприцеп')",1
"('полуприцеп', 'птицевоз')",1
"('птицевоз', 'полуприцеп')",1
"('полуприцеп', 'скотовоз')",1
"('скотовоз', 'полуприцеп')",1
"('полуприцеп', 'сортиментовоз')",1
"('полуприцеп', 'стекловоз')",1
"('стекловоз', 'полуприцеп')",1
"('полуприцеп', 'трал')",1
"('трал', 'полуприцеп')",1
"('полуприцеп', 'тушевоз')",1
"('тушевоз', 'полуприцеп')",1
"('полуприцеп', 'цветовоз')",1
"('цветовоз', 'полуприцеп')",1
"('полуприцеп', 'цементовоз')",1
"('цементовоз', 'полуприцеп')",1
"('цистерна', 'мультилифт')",1
"('мультилифт', 'крюковой')",1
"('погрузчик', 'полуприцеп')",1
"('полуприцеп', 'щеповоз')",1
"('щеповоз', 'вилочный')",1
"('электропогрузчик', 'самосвал')",1
"('самосвал', 'ричстакер')",1
"('ричстакер', 'ричтрак')",1
"('ричтрак', 'погрузчик')",1
"('прицеп', 'ломовоз')",1
"('ломовоз', 'электротележка')",1
"('электротележка', 'электроштабелер')",1
"('электроштабелер', 'коммунальный')",1
"('коммунальный', 'трактор')",1
"('трактор', 'трактор')",1
"('трактор', 'борона')",1
"('борона', 'комбайн')",1
"('комбайн', 'кормораздатчик')",1
"('кормораздатчик', 'косилка')",1
"('косилка', 'культиватор')",1
"('культиватор', 'машина')",1
"('внесение', 'удобрение')",1
"('удобрение', 'опрыскиватель')",1
"('опрыскиватель', 'очиститель')",1
"('очиститель', 'ворох')",1
"('ворох', 'плуг')",1
"('плуг', 'сеялка')",1
"('сеялка', 'самосвал')",1
"('самосвал', 'сочленять')",1
"('сочленять', 'дреноукладчик')",1
"('дреноукладчик', 'каналокопатель')",1
"('каналокопатель', 'траншеекопатель')",1
"('траншеекопатель', 'экскаватор')",1
"('многоковшовый', 'экскаватор')",1
"('гусеничный', 'бульдозер')",1
"('колесный', 'бульдозер')",1
"('бульдозер', 'грейдер')",1
"('грейдер', 'скрепер')",1
"('скрепер', 'каток')",1
"('каток', 'полуприцепной')",1
"('полуприцепной', 'каток')",1
"('каток', 'прицепной')",1
"('прицепной', 'каток')",1
"('самоходный', 'асфальтоукладчик')",1
"('асфальтоукладчик', 'бетоносмеситель')",1
"('бетоносмеситель', 'разметочный')",1
"('машина', 'растворонасос')",1
"('растворонасос', 'фреза')",1
"('фреза', 'дорожный')",1
"('дорожный', 'бурильный')",1
"('машина', 'буровой')",1
"('машина', 'копер')",1
"('копер', 'форвардер')",1
"('форвардер', 'харвестер')",1
"('харвестер', 'коммунальный')",1
"('уборка', 'помещение')",1
"('помещение', 'газовый')",1
"('газовый', 'погрузчик')",1
"('погрузчик', 'башенный')",1
"('башенный', 'кран')",1
"('самоходный', 'кран')",1
"('трубоукладчик', 'мини')",1
"('автопогрузчик', 'мотоцикл')",1
"('мотоцикл', 'экскаватор')",1
"('погрузчик', 'вагон')",1
"('дом', 'прицеп')",1
"('зерновоз', 'прицеп')",1
"('прицеп', 'опрыскиватель')",1
"('опрыскиватель', 'прицеп')",1
"('прицеп', 'рециклер')",1
"('рециклер', 'прицеп')",1
"('прицеп', 'смешиватель')",1
"('смешиватель', 'компрессор')",1
"('компрессор', 'вилочный')",1
"('автопогрузчик', 'укладчик')",1
"('укладчик', 'обочина')",1
"('обочина', 'установка')",1
"('установка', 'гнб')",1
"('гнб', 'прицеп')",1
"('самосвал', 'агрегат')",1
"('скважина', 'дробильный')",1
"('установка', 'жилой')",1
"('жилой', 'модуль')",1
"('модуль', 'ломовоз')",1
"('кму', 'мобильный')",1
"('мобильный', 'бетонный')",1
"('бетонный', 'завод')",1
"('завод', 'очиститель')",1
"('очиститель', 'подборщик')",1
"('подборщик', 'перегружатель')",1
"('перегружатель', 'асфальт')",1
"('асфальт', 'полуприцеп')",1
"('полуприцеп', 'муковоз')",1
"('муковоз', 'прицеп')",1
"('измельчитель', 'прицеп')",1
"('пескоразбрасыватель', 'самосвал')",1
"('самосвал', 'карьерный')",1
"('карьерный', 'прицеп')",1
"('прицеп', 'парогенератор')",1
"('парогенератор', 'мини')",1
"('экскаватор', 'сварочный')",1
"('сварочный', 'агрегат')",1
"('агрегат', 'смеситель')",1
"('кормораздатчик', 'снегоочиститель')",1
"('снегоочиститель', 'установка')",1
"('смесительный', 'экскаватор')",1
"('перегружатель', 'экскаватор')",1
"('планировщик', 'прицеп')",1
"('прицеп', 'скотовоз')",1
"('скотовоз', 'укладчик')",1
"('укладчик', 'плитка')",1
"('плитка', 'сортировочный')",1
"('установка', 'мульчер')",1
"('мульчер', 'валочный')",1
"('пакетировать', 'прицеп')",1
"('прицеп', 'рулоновоз')",1
"('рулоновоз', 'полуприцеп')",1
"('полуприцеп', 'шторный')",1
"('прицеп', 'мультилифт')",1
"('мультилифт', 'полуприцеп')",1
"('установка', 'бетоносмеситель')",1
"('бетоносмеситель', 'прицеп')",1
"('бортовой', 'лущильник')",1
"('лущильник', 'машина')",1
"('вакуумный', 'снегоочиститель')",1
"('снегоочиститель', 'автобус')",1
"('инвалид', 'зерновоз')",1
"('зерновоз', 'специальный')",1
"('специальный', 'газоспасательный')",1
"('газоспасательный', 'европлатформа')",1
"('европлатформа', 'машина')",1
"('илососный', 'маслостанция')",1
"('маслостанция', 'кму')",1
"('кму', 'комбинированный')",1
"('комбинированный', 'автомобиль')",1
"('автомобиль', 'трактор')",1
"('трактор', 'трелеровочный')",1
"('трелеровочный', 'скиддер')",1
"('скиддер', 'скиддер')",1
"('скиддер', 'прицеп')",1
"('прицеп', 'пневмонагнетатель')",1
"('пневмонагнетатель', 'багажный')",1
"('багажный', 'тягач')",1
"('тягач', 'бункер')",1
"('перегрузчик', 'фургон')",1
"('груз', 'сортиментовоз')",1
"('гму', 'буровой')",1
"('станок', 'колтюбинговый')",1
"('колтюбинговый', 'установка')",1
"('установка', 'грабли')",1
"('грабли', 'подъемник')",1
"('каротажный', 'ричстакер')",1
"('ричстакер', 'автоцистерна')",1
"('вакуумный', 'портальный')",1
"('прицеп', 'плавильный')",1
"('плавильный', 'заливочный')",1
"('заливочный', 'установка')",1
"('установка', 'баровой')",1
"('машина', 'автоцистерна')",1
"('пожарный', 'фронтальный')",1
"('погрузчик', 'многофункциональный')",1
"('многофункциональный', 'маневровый')",1
"('маневровый', 'трактор')",1
"('строительный', 'аэродромный')",1
"('аэродромный', 'противообледенительный')",1
"('противообледенительный', 'машина')",1
"('машина', 'амбулифт')",1
"('амбулифт', 'автомобиль')",1
"('автомобиль', 'аэродромный')",1
"('аэродромный', 'пожарный')",1
"('инвалид', 'прицепной')",1
"('прицепной', 'щепорубительный')",1
"('щепорубительный', 'машина')",1
"('полуприцеп', 'топливозаправщик')",1
"('топливозаправщик', 'контейнерный')",1
"('контейнерный', 'погрузчик')",1
"('тракторный', 'топливозаправщик')",1
"('топливозаправщик', 'подъемник')",1
"('подъемник', 'погрузчик')",1
"('погрузчик', 'компрессорный')",1
"('станция', 'агрегат')",1
"('агрегат', 'кислотный')",1
"('скважина', 'минитрактор')",1
"('минитрактор', 'автоцистерна')",1
"('автоцистерна', 'нефтепромысловый')",1
"('нефтепромысловый', 'машина')",1
"('дорога', 'коленчатый')",1
"('подъемник', 'фронтальный')",1
"('фронтальный', 'лесопогрузчик')",1
"('лесопогрузчик', 'прицеп')",1
"('лесовоз', 'прицеп')",1
"('прицеп', 'гудронатор')",1
"('гудронатор', 'разбрасыватель')",1
"('разбрасыватель', 'удобрение')",1
"('удобрение', 'грузовой')",1
"('грузовой', 'самосвал')",1
"('самосвал', 'грузовой')",1
"('полуприцеп', 'бортовой')",1
"('полуприцеп', 'промтоварный')",1
"('промтоварный', 'полуприцеп')",1
"('полуприцеп', 'тентовать')",1
"('тентовать', 'прицеп')",1
"('прицеп', 'торговый')",1
"('торговый', 'грузовой')",1
"('прицеп', 'тентовать')",1
"('тентовать', 'каналопромывочный')",1
"('каналопромывочный', 'машина')",1
"('машина', 'гидродинамический')",1
"('гидродинамический', 'очистка')",1
"('сеть', 'полуприцеп')",1
"('полуприцеп', 'ломовоз')",1
"('ломовоз', 'валочный')",1
"('валочный', 'сучкорезный')",1
"('сучкорезный', 'раскряжевочный')",1
"('раскряжевочный', 'машина')",1
"('машина', 'контейнеровоз')",1
"('контейнеровоз', 'гусеничный')",1
"('гусеничный', 'самосвал')",1
"('самосвал', 'грохот')",1
"('грохот', 'протравливатель')",1
"('протравливатель', 'семя')",1
"('семя', 'прицеп')",1
"('бортовой', 'кбу')",1
"('кбу', 'фургон')",1
"('назначение', 'грузовой')",1
"('фургон', 'лодочный')",1
"('лодочный', 'самоходный')",1
"('подъемник', 'полуприцеп')",1
"('полуприцеп', 'машина')",1
"('строительный', 'многоцелевой')",1
"('многоцелевой', 'прицеп')",1
"('прицеп', 'платформа')",1
"('контейнеровоз', 'подборщик')",1
"('подборщик', 'заказ')",1
"('заказ', 'электрический')",1
"('подъемник', 'платформа')",1
"('платформа', 'автогидроподъемник')",1
"('автогидроподъемник', 'оборачиватель')",1
"('оборачиватель', 'лента')",1
"('лента', 'лен')",1
"('лен', 'снегопогрузчик')",1
"('снегопогрузчик', 'электромобиль')",1
"('электромобиль', 'снегоход')",1
"('снегоход', 'блок')",1
"('блок', 'манифольд')",1
"('манифольд', 'автофургон')",1
"('рефрижератор', 'прицеп')",1
"('прицеп', 'шторный')",1
"('специальный', 'подметальный')",1
"('уборочный', 'прицеп')",1
"('прицеп', 'автовоз')",1
"('автовоз', 'смесительный')",1
"('зарядный', 'установка')",1
"('манипулятор', 'прицеп')",1
"('прицеп', 'нагреватель')",1
"('нагреватель', 'машина')",1
"('внесение', 'жидкий')",1
"('жидкий', 'органический')",1
"('удобрение', 'специализированный')",1
"('средство', 'специализированный')",1
"('пассажирский', 'тс')",1
"('тс', 'снегоболотоход')",1
"('снегоболотоход', 'снегоход')",1
"('снегоход', 'прицеп')",1
"('прицеп', 'растворосмеситель')",1
"('растворосмеситель', 'полуприцеп')",1
"('тяжеловоз', 'газонокосилка')",1
"('газонокосилка', 'прицепной')",1
"('прицепной', 'распределитель')",1
"('распределитель', 'щебень')",1
"('щебень', 'прицеп')",1
"('пескоразбрасыватель', 'автомобиль')",1
"('тягач', 'автопогрузчик')",1
"('автопогрузчик', 'грузовой')",1
"('фронтальный', 'автопогрузчик')",1
"('вилочный', 'каток')",1
"('дорожный', 'бортовой')",1
"('платформа', 'каркас')",1
"('каркас', 'тент')",1
"('тент', 'автомобиль')",1
"('автомобиль', 'мусоровоз')",1
"('мусоровоз', 'снегоболотоход')",1
"('снегоболотоход', 'седельный')",1
"('автомобильный', 'автомобиль')",1
"('самосвал', 'передвижной')",1
"('мастерская', 'автомобиль')",1
"('сортиментовоз', 'специализированный')",1
"('цистерна', 'специализированный')",1
"('кузов', 'специальный')",1
"('тягач', 'фронтальный')",1
"('погрузчик', 'баровой')",1
"('дорожный', 'вибрационный')",1
"('вибрационный', 'грузовой')",1
"('хлебный', 'специальный')",1
"('специальный', 'автокран')",1
"('автокран', 'автофургон')",1
"('автофургон', 'изотермический')",1
"('бортовой', 'грузопассажирский')",1
"('грузопассажирский', 'тс')",1
"('тс', 'специализированный')",1
"('жидкость', 'бортовой')",1
"('платформа', 'ворота')",1
"('вилочный', 'очиститель')",1
"('очиститель', 'зерно')",1
"('зерно', 'полуприцеп')",1
"('мусоровоз', 'специальный')",1
"('загрузка', 'вакуумный')",1
"('вакуумный', 'уборочная')",1
"('уборочная', 'коммунальный')",1
"('прицеп', 'автосамосвал')",1
"('автосамосвал', 'специализированный')",1
"('тяжеловоз', 'бункер')",1
"('бункер', 'наземный')",1
"('наземный', 'перегрузочный')",1
"('перегрузочный', 'фронтальный')",1
"('погрузчик', 'вибрационный')",1
"('вибрационный', 'дорожный')",1
"('каток', 'полуприцеп')",1
"('самосвал', 'смесительный')",1
"('зарядный', 'специальный')",1
"('автомобиль', 'грузопассажирский')",1
"('грузопассажирский', 'мобильный')",1
"('дробильный', 'оборудование')",1
"('оборудование', 'молотковый')",1
"('молотковый', 'дробилка')",1
"('дробилка', 'перевозка')",1
"('питание', 'число')",1
"('число', 'скоропортящийся')",1
"('скоропортящийся', 'фургон')",1
"('самосвал', 'землевоз')",1
"('землевоз', 'самосвал')",1
"('самосвал', 'автопогрузчик')",1
"('захват', 'гидравлический')",1
"('гидравлический', 'свайный')",1
"('свайный', 'копер')",1
"('копер', 'экскаватор')",1
"('экскаватор', 'копровый')",1
"('копровый', 'бурильный')",1
"('установка', 'бортовой')",1
"('платформа', 'фреза')",1
"('фреза', 'электропогрузчик')",1
"('электропогрузчик', 'фургон')",1
"('гидроборт', 'автогрейдер')",1
"('автогрейдер', 'специализированный')",1
"('планировщик', 'специальный')",1
"('манипулятор', 'колесный')",1
"('стреловой', 'короткобазный')",1
"('короткобазный', 'колесный')",1
"('полуприцеп', 'мусоровозный')",1
"('мусоровозный', 'мотовездеход')",1
"('мотовездеход', 'передвижной')",1
"('прицеп', 'информационный')",1
"('информационный', 'предупреждать')",1
"('предупреждать', 'специальный')",1
"('специальный', 'автогазозаправщик')",1
"('автогазозаправщик', 'сельскохозяйственный')",1
"('сельскохозяйственный', 'погрузчик')",1
"('погрузчик', 'ричстакер')",1
"('ричстакер', 'машина')",1
"('машина', 'горизонтально')",1
"('бурильный', 'подъемник')",1
"('ножничный', 'агрегат')",1
"('специализированный', 'тягач')",1
"('лесовозный', 'электроавтобус')",1
"('электроавтобус', 'электрический')",1
"('электрический', 'гольфкар')",1
"('гольфкар', 'трактор')",1
"('трактор', 'садовый')",1
"('садовый', 'ковшевой')",1
"('ковшевой', 'минипогрузчик')",1
"('минипогрузчик', 'специализированный')",1
"('специализированный', 'панелевоз')",1
"('панелевоз', 'измельчитель')",1
"('депарафинизация', 'специальный')",1
"('специальный', 'пожарный')",1
"('автомобиль', 'каток')",1
"('двухосный', 'двухвальцовый')",1
"('двухвальцовый', 'каток')",1
"('двухосный', 'установка')",1
"('бурение', 'трактор')",1
"('сельскохозяйственный', 'специализированный')",1
"('медицинский', 'кабинет')",1
"('кабинет', 'буровой')",1
"('измельчитель', 'ветвь')",1
"('ветвь', 'бортовой')",1
"('тент', 'гидравлический')",1
"('гидравлический', 'буровой')",1
"('установка', 'бурильный')",1
"('машина', 'автоэвакуатор')",1
"('автоэвакуатор', 'кму')",1
"('кму', 'полноповоротный')",1
"('автомобиль', 'общий')",1
"('животное', 'прицеп')",1
"('перевозка', 'техника')",1
"('техника', 'груз')",1
"('груз', 'установка')",1
"('сортировочный', 'автоцистерна')",1
"('автоцистерна', 'заправочный')",1
"('заправочный', 'асфальтоукладчик')",1
"('асфальтоукладчик', 'колесный')",1
"('прицеп', 'подметальный')",1
"('уборочный', 'многоцелевой')",1
"('многоцелевой', 'коммунальный')",1
"('автолавка', 'автопогрузчик')",1
"('автопогрузчик', 'контейнерный')",1
"('контейнерный', 'трактор')",1
"('промышленный', 'колесный')",1
"('колесный', 'ресайклер')",1
"('ресайклер', 'дорожный')",1
"('дорожный', 'мини')",1
"('мини', 'кран')",1
"('кран', 'машина')",1
"('смесительный', 'стабилизация')",1
"('полотно', 'специализированный')",1
"('тягач', 'измельчитель')",1
"('измельчитель', 'прицепной')",1
"('сваебойный', 'гидравлический')",1
"('гидравлический', 'самоходный')",1
"('специальный', 'приготовление')",1
"('приготовление', 'подогрев')",1
"('подогрев', 'транспортировка')",1
"('транспортировка', 'литой')",1
"('асфальт', 'специальный')",1
"('бортовой', 'гидроборт')",1
"('гидроборт', 'шахтный')",1
"('самосвал', 'дробилка')",1
"('дробилка', 'конусный')",1
"('конусный', 'щековый')",1
"('дробилка', 'рециклер')",1
"('рециклер', 'асфальтобетон')",1
"('асфальтобетон', 'специализированный')",1
"('тент', 'прицеп')",1
"('прицеп', 'л')",1
"('л', 'специальный')",1
"('автобетоносмеситель', 'фронтальный')",1
"('фронтальный', 'минипогрузчик')",1
"('минипогрузчик', 'автомобиль')",1
"('автомобиль', 'рефрижератор')",1
"('рефрижератор', 'кран')",1
"('кран', 'автомобильный')",1
"('автомобильный', 'специализированный')",1
"('специализированный', 'кран')",1
"('бортовой', 'самоходный')",1
"('самоходный', 'гидравлический')",1
"('гидравлический', 'установка')",1
"('грузовой', 'тентованный')",1
"('тентованный', 'рефрижератор')",1
"('рефрижератор', 'платформа')",1
"('платформа', 'гидроподъемник')",1
"('гидроподъемник', 'автобус')",1
"('автобус', 'пассажирский')",1
"('пассажирский', 'специальный')",1
"('грузовой', 'прочий')",1
"('прочий', 'специализированный')",1
"('специализированный', 'прочий')",1
"('прочий', 'бульдозер')",1
"('бульдозер', 'специальный')",1
"('автоэвакуатор', 'прицеп')",1
"('прицеп', 'рубильный')",1
"('рубильный', 'установка')",1
"('передвижной', 'мобильный')",1
"('мобильный', 'комплекс')",1
"('комплекс', 'каток')",1
"('вибрационный', 'самоходный')",1
"('самоходный', 'ножничный')",1
"('подъемник', 'бетоносмесительный')",1
"('самозагрузка', 'автомобиль')",1
"('самосвал', 'машина')",1
"('дорожный', 'универсальный')",1
"('малогабаритный', 'колесный')",1
"('газ', 'специальный')",1
"('лаборатория', 'опрыскиватель')",1
"('опрыскиватель', 'самоходный')",1
"('самоходный', 'транспортный')",1
"('средство', 'оказание')",1
"('оказание', 'ритуальный')",1
"('ритуальный', 'услуга')",1
"('услуга', 'короткобазовый')",1
"('короткобазовый', 'кран')",1
"('кран', 'автомобиль')",1
"('выемка', 'грунт')",1
"('грунт', 'бизнес')",1
"('бизнес', 'купе')",1
"('купе', 'автомобиль')",1
"('грузовой', 'погрузчик')",1
"('телескопический', 'специализированный')",1
"('нефтепродукт', 'автомобиль')",1
"('автомобиль', 'спецназначение')",1
"('спецназначение', 'автотопливозаправщик')",1
"('автотопливозаправщик', 'автомобиль')",1
"('специализированный', 'автокран')",1
"('автокран', 'погрузчик')",1
"('фронтальный', 'свеклоуборочный')",1
"('свеклоуборочный', 'комбайн')",1
"('специализированный', 'автофургон')",1
"('автофургон', 'автофургон')",1
"('автофургон', 'специализированный')",1
"('гм', 'специализированный')",1
"('автомобиль', 'мастерский')",1
"('мастерский', 'автомобиль')",1
"('автомобиль', 'вакуумный')",1
"('гм', 'бункер')",1
"('бункер', 'накопитель')",1
"('накопитель', 'перегрузочный')",1
"('перегрузочный', 'специальный')",1
"('сортиментовоз', 'оснащать')",1
"('манипулятор', 'установка')",1
"('бурение', 'бункеровоз')",1
"('бункеровоз', 'каток')",1
"('механизм', 'погрузчик')",1
"('автомобиль', 'аварийный')",1
"('аварийный', 'технический')",1
"('технический', 'служба')",1
"('автолавка', 'специализированный')",1
"('специализированный', 'автотопливозаправщик')",1
"('автотопливозаправщик', 'специальный')",1
"('специальный', 'автогидроподъемник')",1
"('автогидроподъемник', 'специальный')",1
"('мультилифт', 'специализированный')",1
"('контейнеровоз', 'автомобиль')",1
"('фургон', 'грузоподъемный')",1
"('машина', 'погрузчик')",1
"('штабелер', 'тягач')",1
"('гм', 'фронтальный')",1
"('универсальный', 'лесной')",1
"('лесной', 'погрузчик')",1
"('строительный', 'пневмоколесный')",1
"('пневмоколесный', 'одноковшовый')",1
"('фронтальный', 'бортовой')",1
"('ворота', 'специальный')",1
"('борт', 'специальный')",1
"('специальный', 'бурильный')",1
"('машина', 'перегружатель')",1
"('колесный', 'автоэвакуатор')",1
"('автоэвакуатор', 'полуприцеп')",1
"('самосвал', 'фургон')",1
"('фургон', 'установка')",1
"('кму', 'сельскохозяйственный')",1
"('продукт', 'специальный')",1
"('самосвал', 'оснащать')",1
"('захват', 'коммунальный')",1
"('мультилифт', 'колесный')",1
"('колесный', 'трактор')",1
"('универсальный', 'бортовый')",1
"('поворот', 'специальный')",1
"('илососный', 'специальный')",1
"('кму', 'самозагружающийся')",1
"('самозагружающийся', 'мобильный')",1
"('мобильный', 'бетоносмеситель')",1
"('бетоносмеситель', 'грузовой')",1
"('бортовой', 'манипулятор')",1
"('прицеп', 'эвакуатор')",1
"('эвакуатор', 'погрузчик')",1
"('полуприцеп', 'бортовый')",1
"('специальный', 'служба')",1
"('служба', 'установка')",1
"('передвижной', 'специализированный')",1
"('гму', 'полуприцеп')",1
"('цистерна', 'транспортный')",1
"('транспортный', 'погрузчик')",1
"('специальный', 'электротехнический')",1
"('электротехнический', 'лаборатория')",1
"('лаборатория', 'дорожный')",1
"('дорожный', 'лаборатория')",1
"('лаборатория', 'полуприцеп')",1
"('полуприцеп', 'борт')",1
"('борт', 'платформа')",1
"('тент', 'комбайн')",1
"('зерноуборочный', 'самоходный')",1
"('самоходный', 'специализированный')",1
"('зарядный', 'автомобиль')",1
"('рефрижератор', 'комбайн')",1
"('кормоуборочный', 'безбортовой')",1
"('безбортовой', 'полуприцеп')",1
"('тент', 'установка')",1
"('насосный', 'цементирование')",1
"('цементирование', 'скважина')",1
"('скважина', 'передвижной')",1
"('установка', 'тягач')",1
"('кму', 'гм')",1
"('гм', 'кран')",1
"('ход', 'специализированный')",1
"('перевозка', 'кислота')",1
"('кислота', 'специализированный')",1
"('нефтепродукт', 'сельскохозяйственный')",1
"('колесный', 'бортовой')",1
"('гму', 'погрузчик')",1
"('погрузчик', 'сельскохозяйственный')",1
"('сельскохозяйственный', 'цистерна')",1
"('цистерна', 'вакуумный')",1
"('установка', 'дорожный')",1
"('мастер', 'фронтальный')",1
"('колесный', 'сортиментовоз')",1
"('гидроманипулятор', 'подъемник')",1
"('коленчатый', 'электрический')",1
"('электрический', 'автопогрузчик')",1
"('автопогрузчик', 'мини')",1
"('погрузчик', 'сочленять')",1
"('сочленять', 'фронтальный')",1
"('гм', 'универсальный')",1
"('дорожный', 'специальный')",1
"('хозяйство', 'содержание')",1
"('дорога', 'специализированный')",1
"('тент', 'тягач')",1
"('тягач', 'кран')",1
"('стреловой', 'полуприцеп')",1
"('бортовой', 'одноковшовый')",1
"('экскаватор', 'комбайн')",1
"('зерноуборочный', 'погрузчик')",1
"('одноковшовый', 'электротягач')",1
"('электротягач', 'электропогрузчик')",1
"('захват', 'каток')",1
"('самоходный', 'автомобиль')",1
"('скорый', 'медицинский')",1
"('медицинский', 'помощь')",1
"('помощь', 'кран')",1
"('трубоукладчик', 'специальный')",1
"('установка', 'погрузчик')",1
"('самосвал', 'цистерна')",1
"('цистерна', 'пищевой')",1
"('подъемник', 'прицеп')",1
"('прицеп', 'гидравлический')",1
"('специальный', 'кран')",1
"('автомобильный', 'седельный')",1
"('тягач', 'гусеничный')",1
"('экскаватор', 'мини')",1
"('фронтальный', 'прицеп')",1
"('сельскохозяйственный', 'бортовой')",1
"('манипулятор', 'автопогрузчик')",1
"('универсальный', 'установка')",1
"('установка', 'статический')",1
"('статический', 'зондирование')",1
"('зондирование', 'специальный')",1
"('тягач', 'бортовой')",1
"('бортовой', 'г')",1
"('г', 'м')",1
"('м', 'специальный')",1
"('специальный', 'грузопассажирский')",1
"('грузопассажирский', 'автомобиль')",1
"('седельный', 'грузовой')",1
"('вакуумный', 'грузовой')",1
"('тентованый', 'агрегат')",1
"('пожарный', 'бортовой')",1
"('кузов', 'фургон')",1
"('рефрижератор', 'погрузчик')",1
"('колесный', 'сортиментовозный')",1
"('сортиментовозный', 'прицеп')",1
"('автомобиль', 'кму')",1
"('самосвал', 'стреловой')",1
"('кран', 'погрузчик')",1
"('колесный', 'автоцистерна')",1
"('автоцистерна', 'акна')",1
"('акна', 'мини')",1
"('поворот', 'пожарный')",1
"('автомобиль', 'комбинированный')",1
"('комбинированный', 'тушение')",1
"('тушение', 'бульдозер')",1
"('комбикорм', 'самосвал')",1
"('цистерна', 'мастерская')",1
"('мастерская', 'вилочный')",1
"('металловоз', 'гм')",1
"('борт', 'погрузчик')",1
"('вилочный', 'грузовой')",1
"('грузовой', 'промтоварный')",1
"('гм', 'специальный')",1
"('многофункциональный', 'комбинированный')",1
"('автомобиль', 'ритуальный')",1
"('ритуальный', 'машина')",1
"('специальный', 'автобетононасос')",1
"('автобетононасос', 'полуприцеп')",1
"('самосвальный', 'специальный')",1
"('грузовой', 'перевозка')",1
"('перевозка', 'оборудование')",1
"('оборудование', 'дорожный')",1
"('мастер', 'самоходный')",1
"('самоходный', 'сваевдавливать')",1
"('копер', 'машина')",1
"('дорожный', 'комбинировать')",1
"('комбинировать', 'экскаватор')",1
"('гусеничный', 'цистерна')",1
"('цистерна', 'грузовой')",1
"('изотермический', 'гидроборт')",1
"('измельчитель', 'древесный')",1
"('древесный', 'машина')",1
"('машина', 'распределять')",1
"('распределять', 'полуприцепной')",1
"('полуприцепной', 'погрузчик')",1
"('погрузчик', 'подземный')",1
"('работа', 'шахтный')",1
"('самосвал', 'подземный')",1
"('работа', 'машина')",1
"('машина', 'уборочная')",1
"('уборочная', 'специализированный')",1
"('груз', 'погрузчик')",1
"('экскаватор', 'трактор')",1
"('полуприцеп', 'сортиментовозный')",1
"('сортиментовозный', 'специальный')",1
"('специальный', 'полуприцеп')",1
"('самосвал', 'полуприцеп')",1
"('лесовоз', 'первичный')",1
"('первичный', 'измельчитель')",1
"('специальный', 'аварийный')",1
"('аварийный', 'служба')",1
"('служба', 'вилочный')",1
"('фронтальный', 'автомобиль')",1
"('манипулятор', 'каток')",1
"('каток', 'ручной')",1
"('ручной', 'специализированный')",1
"('прицеп', 'автолавка')",1
"('автолавка', 'автомобиль')",1
"('лаборатория', 'передвижной')",1
"('передвижной', 'тягач')",1
"('автомобиль', 'зерновоз')",1
"('зерновоз', 'экскаватор')",1
"('ломовоз', 'погрузчик')",1
"('специальный', 'фронтальный')",1
"('рефрижератор', 'автобус')",1
"('автобус', 'крюковой')",1
"('электрический', 'тележка')",1
"('тележка', 'экскаватор')",1
"('колесный', 'многофункциональный')",1
"('жидкость', 'машина')",1
"('сеть', 'перевозка')",1
"('груз', 'общий')",1
"('назначение', 'комбинированный')",1
"('машина', 'бортовой')",1
"('кму', 'ресайклер')",1
"('ресайклер', 'кран')",1
"('стреловой', 'короткобазовый')",1
"('короткобазовый', 'перегружатель')",1
"('перегружатель', 'вилочный')",1
"('агрегат', 'сбор')",1
"('сбор', 'газовый')",1
"('конденсат', 'нефть')",1
"('нефть', 'телескопический')",1
"('погрузчик', 'передвижной')",1
"('передвижной', 'осветительный')",1
"('осветительный', 'мачта')",1
"('мачта', 'дизельный')",1
"('специальный', 'комбинированный')",1
"('машина', 'распределитель')",1
"('распределитель', 'вязать')",1
"('вязать', 'материал')",1
"('коммунальный', 'специализированный')",1
"('самосвал', 'погрузчик')",1
"('погрузчик', 'землевоз')",1
"('землевоз', 'рама')",1
"('рама', 'тягач')",1
"('специальный', 'каток')",1
"('каток', 'траншейный')",1
"('траншейный', 'самоходный')",1
"('самосвальный', 'трехосный')",1
"('трехосный', 'кран')",1
"('самоходный', 'дробилка')",1
"('дробилка', 'щековый')",1
"('щековый', 'специализированный')",1
"('комбикорм', 'автомобиль')",1
"('лесовозный', 'специализированный')",1
"('специализированный', 'седельный')",1
"('тягач', 'буксировка')",1
"('буксировка', 'полуприцеп')",1
"('груз', 'электропогрузчик')",1
"('вилочный', 'фургон')",1
"('промтоварный', 'специальный')",1
"('вахтовый', 'трактор')",1
"('гусеничный', 'сельскохозяйственный')",1
"('грузоподъемный', 'гидроборт')",1
"('гидроборт', 'самоходный')",1
"('самоходный', 'смеситель')",1
"('кормораздатчик', 'специальный')",1
"('цементировочный', 'бульдозер')",1
"('колесный', 'универсальный')",1
"('стрела', 'снегоболотоход')",1
"('снегоболотоход', 'гусеничный')",1
"('зерновоз', 'грузовой')",1
"('асмп', 'прицеп')",1
"('содержание', 'ремонт')",1
"('ремонт', 'лесовозный')",1
"('лесовозный', 'дорога')",1
"('дорога', 'снегоуплотнительный')",1
"('снегоуплотнительный', 'машина')",1
"('машина', 'снегоболотоход')",1
"('самосвал', 'кран')",1
"('автобус', 'специализированный')",1
"('сортиментовоз', 'специальный')",1
"('грузовой', 'дорожный')",1
"('мастер', 'разметочный')",1
"('самоходный', 'фрезерование')",1
"('фрезерование', 'почва')",1
"('почва', 'экскаватор')",1
"('планировщик', 'пмс')",1
"('пмс', 'трактор')",1
"('колесный', 'грузопассажирский')",1
"('грузопассажирский', 'кран')",1
"('кран', 'мобильный')",1
"('мобильный', 'установка')",1
"('бурение', 'каток')",1
"('передвижной', 'буровой')",1
"('установка', 'мастерский')",1
"('передвижной', 'подъемник')",1
"('подъемник', 'мачтовый')",1
"('мачтовый', 'телескопический')",1
"('телескопический', 'специальный')",1
"('служба', 'тягач')",1
"('тягач', 'трелевочный')",1
"('трелевочный', 'полуприцеп')",1
"('полуприцеп', 'специальный')",1
"('специальный', 'снегоочиститель')",1
"('шнекороторный', 'транспортный')",1
"('транспортный', 'гусеничный')",1
"('вездеход', 'машина')",1
"('машина', 'льдозаливочный')",1
"('льдозаливочный', 'электрический')",1
"('ричтрак', 'грузовой')",1
"('грузовой', 'бортовый')",1
"('платформа', 'бетононасос')",1
"('бетононасос', 'автомобильный')",1
"('автомобильный', 'кран')",1
"('стреловой', 'сельскохозяйственный')",1
"('сельскохозяйственный', 'опрыскиватель')",1
"('опрыскиватель', 'специальный')",1
"('мастерская', 'специальный')",1
"('автомобильный', 'гусеничный')",1
"('специальный', 'автотопливозаправщик')",1
"('автотопливозаправщик', 'кормоуборочный')",1
"('кормоуборочный', 'комбайн')",1
"('комбинировать', 'уборочная')",1
"('уборочная', 'поломоечный')",1
"('поломоечный', 'машина')",1
"('передвижной', 'автопогрузчик')",1
"('платформа', 'зерноуборочный')",1
"('зерноуборочный', 'комбайн')",1
"('комбайн', 'трактор')",1
"('гусеничный', 'установка')",1
"('установка', 'сортировочная')",1
"('сортировочная', 'передвижной')",1
"('передвижной', 'грохот')",1
"('грохот', 'специальный')",1
"('самоходный', 'лесной')",1
"('лесной', 'машина')",1
"('ход', 'навесный')",1
"('навесный', 'экскаваторный')",1
"('экскаваторный', 'установка')",1
"('перевозка', 'колесногусеничный')",1
"('колесногусеничный', 'техника')",1
"('техника', 'трактор')",1
"('промышленный', 'гусеничный')",1
"('ход', 'снегоочиститель')",1
"('снегоочиститель', 'роторный')",1
"('роторный', 'штабелер')",1
"('штабелер', 'автомобиль')",1
"('гидроманипулятор', 'полноповоротный')",1
"('полноповоротный', 'гидравлический')",1
"('гидравлический', 'мини')",1
"('грузовой', 'автобетононасос')",1
"('автобетононасос', 'самоходный')",1
"('опрыскиватель', 'фургон')",1
"('фургон', 'хлебобулочный')",1
"('груз', 'карьерный')",1
"('сортиментовоз', 'машина')",1
"('погрузочный', 'транспортный')",1
"('транспортный', 'специальный')",1
"('автобетоносмеситель', 'специальный')",1
"('специальный', 'ломовоз')",1
"('прицеп', 'прочее')",1
"('прочее', 'специальный')",1
"('смесь', 'самоходный')",1
"('самоходный', 'барабанный')",1
"('просеиватель', 'смеситель')",1
"('смеситель', 'раздатчик')",1
"('корм', 'специальный')",1
"('средство', 'автогудронатор')",1
"('автогудронатор', 'специальный')",1
"('перевозка', 'труп')",1
"('труп', 'автомобиль')",1
"('погрузчик', 'перегружатель')",1
"('перегружатель', 'контейнерный')",1
"('контейнерный', 'ричстакер')",1
"('ричстакер', 'трактор')",1
"('гусеничный', 'бульдозерный')",1
"('колесный', 'ковшовый')",1
"('ковшовый', 'автомобиль')",1
"('гму', 'грузовой')",1
"('грузовой', 'контейнеровоз')",1
"('прицеп', 'автомобильный')",1
"('автомобильный', 'машина')",1
"('дорожный', 'хозяйство')",1
"('хозяйство', 'компрессор')",1
"('компрессор', 'передвижной')",1
"('передвижной', 'плуг')",1
"('плуг', 'полунавесной')",1
"('полунавесной', 'оборотный')",1
"('оборотный', 'колесный')",1
"('автопогрузчик', 'машина')",1
"('машина', 'сваебойный')",1
"('сваебойный', 'специальный')",1
"('специальный', 'пассажирский')",1
"('средство', 'прицепной')",1
"('прицепной', 'растворосмеситель')",1
"('растворосмеситель', 'грузовой')",1
"('грузовой', 'автокран')",1
"('автокран', 'навесной')",1
"('навесной', 'оборотный')",1
"('оборотный', 'плуг')",1
"('плуг', 'каток')",1
"('каток', 'кольчатый')",1
"('кольчатый', 'зубчатый')",1
"('зубчатый', 'автомобиль')",1
"('рефрижератор', 'предназначать')",1
"('предназначать', 'перевозка')",1
"('изделие', 'специализированный')",1
"('комбикорм', 'грузовой')",1
"('цельнометаллический', 'машина')",1
"('каналопромывочный', 'каток')",1
"('дорожный', 'грунтовый')",1
"('грунтовый', 'автобус')",1
"('автобус', 'специальный')",1
"('буровой', 'система')",1
"('система', 'специализированный')",1
"('специализированный', 'катафалк')",1
"('катафалк', 'мусоровоз')",1
"('загрузка', 'мобильный')",1
"('мобильный', 'барабанный')",1
"('просеиватель', 'трактор')",1
"('малогабаритный', 'специальный')",1
"('специальный', 'лесовоз')",1
"('кму', 'автопогрузчик')",1
"('автопогрузчик', 'электрический')",1
"('электрический', 'снегоочиститель')",1
"('шнекороторный', 'самоходный')",1
"('бетоносмесительный', 'установка')",1
"('каналопромывочный', 'автогрейдер')",1
"('автогрейдер', 'колесный')",1
"('колесный', 'комбайн')",1
"('самоходный', 'высокопроизводительный')",1
"('высокопроизводительный', 'прицеп')",1
"('специальный', 'тракторный')",1
"('специальный', 'катафалк')",1
"('катафалк', 'специальный')",1
"('специальный', 'портальный')",1
"('погрузчик', 'установка')",1
"('сваебойный', 'копровый')",1
"('копровый', 'специализированный')",1
"('тяжеловоз', 'машина')",1
"('машина', 'энергетический')",1
"('разбрасыватель', 'песок')",1
"('песок', 'тракторный')",1
"('тракторный', 'компрессор')",1
"('компрессор', 'прицепной')",1
"('прицепной', 'специализированный')",1
"('цистерна', 'автобус')",1
"('автобус', 'общий')",1
"('специальный', 'аварийноремонтный')",1
"('аварийноремонтный', 'мастерская')",1
"('мастерская', 'фургон')",1
"('хлебный', 'передвижной')",1
"('передвижной', 'автомастерская')",1
"('автомастерская', 'ледозаливочный')",1
"('ледозаливочный', 'машина')",1
"('специальный', 'погрузчик')",1
"('малогабаритный', 'автомобиль')",1
"('автомобиль', 'вахта')",1
"('вахта', 'строительный')",1
"('автомобильный', 'тип')",1
"('тип', 'псс')",1
"('псс', 'гусеничный')",1
"('кран', 'комбайн')",1
"('комбайн', 'самоходный')",1
"('самоходный', 'зерноуборочный')",1
"('зерноуборочный', 'прицеп')",1
"('прицеп', 'станция')",1
"('станция', 'компрессорный')",1
"('компрессорный', 'специальный')",1
"('станция', 'установка')",1
"('сортировочная', 'электрический')",1
"('электрический', 'коленчатый')",1
"('специальный', 'специальный')",1
"('автоэвакуатор', 'оснащать')",1
"('специальный', 'автогудронатор')",1
"('автогудронатор', 'трактор')",1
"('сельскохозяйственный', 'прицеп')",1
"('сельскохозяйственный', 'специальный')",1
"('специальный', 'комплекс')",1
"('комплекс', 'кормоуборочный')",1
"('кормоуборочный', 'высокопроизводительный')",1
"('высокопроизводительный', 'агрегат')",1
"('скважина', 'самоходный')",1
"('самоходный', 'тандемный')",1
"('бортовой', 'специализированный')",1
"('специализированный', 'специализированный')",1
"('кму', 'дорожный')",1
"('специальный', 'тентовать')",1
"('тентовать', 'бортовой')",1
"('тентованный', 'платформа')",1
"('специальный', 'рубка')",1
"('рубка', 'древесина')",1
"('древесина', 'экскаватор')",1
"('гусеничный', 'контейнерный')",1
"('контейнерный', 'перегружатель')",1
"('перегружатель', 'ричстакер')",1
"('ричстакер', 'кран')",1
"('кран', 'монтажный')",1
"('монтажный', 'специальный')",1
"('специальный', 'снегоболотоход')",1
"('снегоболотоход', 'многоцелевой')",1
"('многоцелевой', 'экскаватор')",1
"('фронтальный', 'трактор')",1
"('малогабаритный', 'специализированный')",1
"('изотермический', 'электрический')",1
"('электрический', 'погрузчик')",1
"('погрузчик', 'автомобиль')",1
"('специализированный', 'трубоплетевоз')",1
"('трубоплетевоз', 'специализированный')",1
"('роспуск', 'трубоплетевозный')",1
"('трубоплетевозный', 'автомобиль')",1
"('специальный', 'прицепной')",1
"('прицепной', 'измельчитель')",1
"('измельчитель', 'комбинированный')",1
"('комбинированный', 'посевной')",1
"('посевной', 'комплекс')",1
"('оснащать', 'броневой')",1
"('броневой', 'защита')",1
"('защита', 'автомобиль')",1
"('назначение', 'самоходный')",1
"('самоходный', 'косилка')",1
"('косилка', 'косилка')",1
"('косилка', 'двигатель')",1
"('двигатель', 'специализированный')",1
"('автомобиль', 'выездной')",1
"('выездной', 'торговля')",1
"('торговля', 'дизельный')",1
"('погрузчик', 'платформа')",1
"('платформа', 'передний')",1
"('передний', 'высокий')",1
"('высокий', 'борт')",1
"('борт', 'тент')",1
"('тент', 'задний')",1
"('задний', 'распашной')",1
"('распашной', 'ворота')",1
"('погрузчик', 'ковшовый')",1
"('ковшовый', 'валочный')",1
"('пакетировать', 'машина')",1
"('самосвальный', 'ковшовый')",1
"('ковшовый', 'тракторный')",1
"('вещество', 'сваебойный')",1
"('сваебойный', 'машина')",1
"('контейнеровоз', 'прицепной')",1
"('прицепной', 'тракторный')",1
"('машина', 'дизельный')",1
"('насосный', 'станция')",1
"('станция', 'перегружатель')",1
"('перегружатель', 'ленточный')",1
"('ленточный', 'тип')",1
"('тип', 'грунтовый')",1
"('грунтовый', 'каток')",1
"('бурильный', 'геологоразведочный')",1
"('геологоразведочный', 'специальный')",1
"('специальный', 'ямочный')",1
"('ямочный', 'ремонт')",1
"('ремонт', 'асфальтобетонный')",1
"('асфальтобетонный', 'покрытие')",1
"('покрытие', 'анти')",1
"('анти', 'сегрегационный')",1
"('сегрегационный', 'перегружатель')",1
"('перегружатель', 'трактор')",1
"('бульдозерный', 'рыхлительный')",1
"('рыхлительный', 'оборудование')",1
"('оборудование', 'мастерский')",1
"('мастерский', 'специальный')",1
"('нефтепродукт', 'самоходный')",1
"('самоходный', 'плита')",1
"('плита', 'укладка')",1
"('укладка', 'литой')",1
"('асфальт', 'прицепной')",1
"('прицепной', 'растворонасос')",1
"('растворонасос', 'машина')",1
"('внесение', 'твердый')",1
"('твердый', 'органический')",1
"('удобрение', 'бетоноукладчик')",1
"('бетоноукладчик', 'кран')",1
"('прицеп', 'фудтрак')",1
"('фудтрак', 'универсальный')",1
"('универсальный', 'строительный')",1
"('автомобиль', 'эвакуатор')",1
"('эвакуатор', 'самоходный')",1
"('кран', 'колесный')",1
"('колесный', 'пожарный')",1
"('пожарный', 'автоцистерна')",1
"('перевозка', 'транспортный')",1
"('средство', 'контейнеровоз')",1
"('контейнеровоз', 'специальный')",1
"('эвакуатор', 'машина')",1
"('эвакуатор', 'установка')",1
"('установка', 'подъемный')",1
"('подъемный', 'передвижной')",1
"('передвижной', 'автомобиль')",1
"('вахтовый', 'специальный')",1
"('специальный', 'автофургон')",1
"('гидроборт', 'погрузчик')",1
"('телескопический', 'сельскохозяйственный')",1
"('борт', 'дорожный')",1
"('каток', 'мобильный')",1
"('платформа', 'электромобиль')",1
"('электромобиль', 'самоходный')",1
"('грузовой', 'кран')",1
"('кран', 'грузовой')",1
"('бортовой', 'многофункциональный')",1
"('многофункциональный', 'самоходный')",1
"('самоходный', 'платформа')",1
"('перевозка', 'снегоболотоход')",1
"('снегоболотоход', 'вакуумный')",1
"('машина', 'прицепной')",1
"('прицепной', 'подметальный')",1
"('тракторный', 'двухосный')",1
"('двухосный', 'гусеничный')",1
"('гусеничный', 'транспортый')",1
"('транспортый', 'машина')",1
"('каток', 'двухосный')",1
"('двухосный', 'трехвальцовый')",1
"('трехвальцовый', 'агрегат')",1
"('передвижной', 'пункт')",1
"('пункт', 'питание')",1
"('питание', 'специализированный')",1
"('скот', 'агрегат')",1
"('агрегат', 'почвообрабатывающий')",1
"('почвообрабатывающий', 'дисковый')",1
"('дисковый', 'специальный')",1
"('специальный', 'вакуумный')",1
"('вакуумный', 'подметательный')",1
"('подметательный', 'машина')",1
"('машина', 'перевозка')",1
"('питание', 'мобильный')",1
"('мобильный', 'сваебойный')",1
"('установка', 'вибрационный')",1
"('каток', 'автопогрузчик')",1
"('дизельный', 'двигатель')",1
"('двигатель', 'лесовозный')",1
"('лесовозный', 'прицеп')",1
"('прицеп', 'полуприцеп')",1
"('полуприцеп', 'раздвижной')",1
"('раздвижной', 'машина')",1
"('разметочный', 'виброкаток')",1
"('виброкаток', 'двухвальцовый')",1
"('двухвальцовый', 'полуприцеп')",1
"('самосвал', 'манипулятор')",1
"('манипулятор', 'самоходный')",1
"('погрузчик', 'газовый')",1
"('газовый', 'автопогрузчик')",1
"('автопогрузчик', 'дорожный')",1
"('фреза', 'специализированный')",1
"('цистерна', 'трактор')",1
"('гусеничный', 'промышленный')",1
"('роспуск', 'автомобиль')",1
"('пассажирский', 'универсальный')",1
"('лесной', 'хозяйство')",1
"('хозяйство', 'самосвал')",1
"('самосвал', 'рама')",1
"('рама', 'специализированный')",1
"('механизм', 'распашной')",1
"('ворот', 'упаковщик')",1
"('упаковщик', 'рулон')",1
"('рулон', 'мобильный')",1
"('мобильный', 'измельчитель')",1
"('измельчитель', 'экскаватор')",1
"('многоковшовый', 'цепной')",1
"('цепной', 'специальный')",1
"('офис', 'грейдер')",1
"('грейдер', 'полуприцепной')",1
"('полуприцепной', 'машина')",1
"('хозяйство', 'прицеп')",1
"('рефрижератор', 'снегоболотоход')",1
"('малогабаритный', 'трактор')",1
"('поворот', 'машина')",1
"('разметочный', 'специальный')",1
"('машина', 'подметальный')",1
"('подметальный', 'вакуумный')",1
"('погрузчик', 'тракторный')",1
"('тракторный', 'сдвижной')",1
"('сдвижной', 'полуприцеп')",1
"('полуприцеп', 'бетоносмеситель')",1
"('самозагрузка', 'экскаватор')",1
"('животное', 'специальный')",1
"('сортиментовоз', 'косилка')",1
"('косилка', 'самоходный')",1
"('самоходный', 'вакуумный')",1
"('подметальный', 'машина')",1
"('автомобиль', 'крюковой')",1
"('ход', 'автовышка')",1
"('автовышка', 'прицеп')",1
"('грузовой', 'трехосный')",1
"('трехосный', 'специальный')",1
"('станция', 'бетоносмеситель')",1
"('бетоносмеситель', 'самоходный')",1
"('самоходный', 'компактор')",1
"('компактор', 'бетоносмеситель')",1
"('бетоносмеситель', 'функция')",1
"('самозагрузка', 'машина')",1
"('внесение', 'пылевидный')",1
"('пылевидный', 'химмелиорант')",1
"('химмелиорант', 'специальный')",1
"('бункер', 'перевозка')",1
"('перевозка', 'разгрузка')",1
"('разгрузка', 'сухой')",1
"('сухой', 'корм')",1
"('корм', 'прицеп')",1
"('прицеп', 'коммунальный')",1
"('коммунальный', 'комбинированный')",1
"('комбинированный', 'подъемник')",1
"('полноповоротный', 'самоходный')",1
"('специальный', 'пневмонагнетатель')",1
"('пневмонагнетатель', 'специальный')",1
"('специальный', 'работа')",1
"('работа', 'жидкий')",1
"('жидкий', 'химический')",1
"('химический', 'реагент')",1
"('реагент', 'машина')",1
"('лесной', 'специальный')",1
"('фургон', 'оснащать')",1
"('специальный', 'автопогрузчик')",1
"('автопогрузчик', 'прицеп')",1
"('прицеп', 'специализированный')",1
"('специализированный', 'кузов')",1
"('кузов', 'самоходный')",1
"('самоходный', 'коленчатый')",1
"('подъемник', 'пассажирский')",1
"('пассажирский', 'фургон')",1
"('фургон', 'автомобиль')",1
"('автомобиль', 'мастерская')",1
"('мастерская', 'специализированный')",1
"('полуприцеп', 'автомобильный')",1
"('автомобильный', 'лаборатория')",1
"('лаборатория', 'перфораторный')",1
"('перфораторный', 'станция')",1
"('станция', 'подъемник')",1
"('каротажный', 'самоходный')",1
"('самоходный', 'бульдозер')",1
"('бульдозер', 'неповоротный')",1
"('отвал', 'специализированный')",1
"('специализированный', 'ломовоз')",1
"('ломовоз', 'средство')",1
"('средство', 'энергетический')",1
"('энергетический', 'универсальный')",1
"('универсальный', 'электрический')",1
"('электрический', 'штабелер')",1
"('штабелер', 'ричтрак')",1
"('ричтрак', 'снегоболотоход')",1
"('снегоболотоход', 'двухзвенный')",1
"('двухзвенный', 'гусеничный')",1
"('нефтепродукт', 'вибрационный')",1
"('вибрационный', 'источник')",1
"('источник', 'сейсмический')",1
"('сейсмический', 'сигнал')",1
"('сигнал', 'специальный')",1
"('погрузчик', 'кму')",1
"('кму', 'установка')",1
"('буровой', 'мобильный')",1
"('мобильный', 'грохот')",1
"('грохот', 'самосвальный')",1
"('полуприцеп', 'микроавтобус')",1
"('микроавтобус', 'электрический')",1
"('электрический', 'картофелесажалка')",1
"('картофелесажалка', 'бетоносмесительный')",1
"('машина', 'автопогрузчик')",1
"('автопогрузчик', 'фронтальный')",1
"('фронтальный', 'полуприцеп')",1
"('полуприцеп', 'дробильный')",1
"('установка', 'пневмоударный')",1
"('пневмоударный', 'буровой')",1
"('станок', 'специальный')",1
"('подъемник', 'кран')",1
"('стреловой', 'грузовой')",1
"('грузовой', 'полуприцеп')",1
"('назначение', 'мобильный')",1
"('установка', 'каток')",1
"('каток', 'грунтовый')",1
"('грунтовый', 'установка')",1
"('установка', 'регенерация')",1
"('регенерация', 'асфальтобетон')",1
"('асфальтобетон', 'специальный')",1
"('кузов', 'снегоочиститель')",1
"('снегоочиститель', 'фрезерный')",1
"('фрезерный', 'роторный')",1
"('роторный', 'специализированный')",1
"('специализированный', 'цементовоз')",1
"('цементовоз', 'самоходный')",1
"('гусеничный', 'мульчер')",1
"('мульчер', 'полноповоротный')",1
"('перегружатель', 'роторный')",1
"('установка', 'дизельный')",1
"('установка', 'грузовой')",1
"('тентованый', 'распашной')",1
"('ворот', 'специальный')",1
"('экскаватор', 'прицепной')",1
"('прицепной', 'пневмонагнетатель')",1
"('пневмонагнетатель', 'гусеничный')",1
"('вахтовый', 'кран')",1
"('телескопический', 'подъемник')",1
"('подъемник', 'бортовой')",1
"('фургон', 'гидроборт')",1
"('гидроборт', 'специальный')",1
"('прицеп', 'туалет')",1
"('туалет', 'пескоразбрасыватель')",1
"('пескоразбрасыватель', 'полуприцепной')",1
"('полуприцепной', 'тракторный')",1
"('тракторный', 'прицеп')",1
"('тракторный', 'трехосный')",1
"('трехосный', 'двухвальцовый')",1
"('двухвальцовый', 'вибрационный')",1
"('выемка', 'перемещение')",1
"('перемещение', 'грунт')",1
"('грунт', 'каток')",1
"('комбинированный', 'двухосный')",1
"('двухосный', 'специализированный')",1
"('газ', 'специализированный')",1
"('средство', 'машина')",1
"('машина', 'фрезерный')",1
"('фрезерный', 'самосвал')",1
"('самосвал', 'вилочный')",1
"('колесный', 'трелевочный')",1
"('трелевочный', 'трактор')",1
"('перевозка', 'длинномерный')",1
"('длинномерный', 'груз')",1
"('грузовой', 'четырехосный')",1
"('четырехосный', 'копер')",1
"('гусеничный', 'рефрижератор')",1
"('гидроборт', 'снегопогрузчик')",1
"('снегопогрузчик', 'лаповый')",1
"('лаповый', 'специализированный')",1
"('гму', 'специальный')",1
"('перевозка', 'пассажир')",1
"('пассажир', 'груз')",1
"('груз', 'трактор')",1
"('работа', 'автопогрузчик')",1
"('вилочный', 'фронтальный')",1
"('фронтальный', 'каналопромывочный')",1
"('каналопромывочный', 'трактор')",1
"('работа', 'прицеп')",1
"('прицеп', 'вагон')",1
"('мобильный', 'прицеп')",1
"('прицеп', 'шасси')",1
"('шасси', 'прицеп')",1
"('тракторный', 'вагон')",1
"('передвижной', 'бортовой')",1
"('тентованный', 'вагон')",1
"('мобильный', 'контейнерный')",1
"('контейнерный', 'тип')",1
"('тип', 'собственный')",1
"('собственный', 'ходовой')",1
"('ходовой', 'часть')",1
"('часть', 'специализированный')",1
"('лесовозный', 'погрузчик')",1
"('опрыскиватель', 'разбрасыватель')",1
"('разбрасыватель', 'самоходный')",1
"('насосный', 'кислотный')",1
"('скважина', 'бортовой')",1
"('скважина', 'специальный')",1
"('кузов', 'оснащать')",1
"('оснащать', 'устройство')",1
"('устройство', 'погрузка')",1
"('погрузка', 'разгрузка')",1
"('разгрузка', 'гусеничный')",1
"('гусеничный', 'энергетический')",1
"('скважина', 'мобильный')",1
"('мобильный', 'щековый')",1
"('дробилка', 'бурильный')",1
"('установка', 'вилочный')",1
"('погрузчик', 'бетононасос')",1
"('бетононасос', 'стационарный')",1
"('стационарный', 'специальный')",1
"('ребенок', 'подъемник')",1
"('многофункциональный', 'база')",1
"('база', 'снегоход')",1
"('снегоход', 'специальный')",1
"('подметальный', 'рефрижератор')",1
"('рефрижератор', 'гидроподъемный')",1
"('гидроподъемный', 'борт')",1
"('колесный', 'реверсный')",1
"('реверсный', 'трактор')",1
"('специальный', 'универсальный')",1
"('универсальный', 'моторный')",1
"('подогреватель', 'колесный')",1
"('погрузчик', 'самоходный')",1
"('машина', 'стабилизация')",1
"('полотно', 'прицеп')",1
"('тракторный', 'осушитель')",1
"('осушитель', 'специальный')",1
"('смесь', 'лаборатория')",1
"('лаборатория', 'электротехнический')",1
"('электротехнический', 'автомобиль')",1
"('автомобиль', 'лесовоз')",1
"('лесовоз', 'гм')",1
"('гм', 'машина')",1
"('машина', 'поливомоечный')",1
"('поливомоечный', 'полуприцепной')",1
"('полуприцепной', 'автопогрузчик')",1
"('вилочный', 'компрессор')",1
"('компрессор', 'воздушный')",1
"('воздушный', 'колесный')",1
"('колесный', 'шасси')",1
"('шасси', 'телескопический')",1
"('телескопический', 'подъемный')",1
"('подъемный', 'тележка')",1
"('тележка', 'подметальный')",1
"('уборочная', 'машина')",1
"('бункер', 'устройство')",1
"('устройство', 'распределение')",1
"('распределение', 'специальный')",1
"('коммунальный', 'полуприцепной')",1
"('полуприцепной', 'установка')",1
"('полуприцеп', 'лесотранспортный')",1
"('лесотранспортный', 'роторный')",1
"('ход', 'грузоподъемный')",1
"('грузоподъемный', 'оборудование')",1
"('оборудование', 'сваевдавливать')",1
"('копер', 'фронтальный')",1
"('погрузчик', 'сельский')",1
"('сельский', 'хозяйство')",1
"('хозяйство', 'автомобиль')",1
"('автомобиль', 'бетономешалка')",1
"('бетономешалка', 'универсальный')",1
"('универсальный', 'фронтальный')",1
"('фронтальный', 'мини')",1
"('поворот', 'погрузчик')",1
"('автоцистерна', 'технический')",1
"('технический', 'вода')",1
"('вода', 'соляной')",1
"('соляной', 'раствор')",1
"('раствор', 'коммунальный')",1
"('уборка', 'дорога')",1
"('дорога', 'тротуар')",1
"('тротуар', 'специализированный')",1
"('изделие', 'кран')",1
"('ход', 'подъемник')",1
"('передвижной', 'склад')",1
"('склад', 'взрывчатый')",1
"('материал', 'средство')",1
"('средство', 'инициирование')",1
"('инициирование', 'комбайн')",1
"('картофелеуборочный', 'подъемник')",1
"('коленчатый', 'рабочий')",1
"('передвижной', 'дизель')",1
"('генератор', 'экскаватор')",1
"('гидравлический', 'минипогрузчик')",1
"('минипогрузчик', 'боковой')",1
"('боковой', 'поворот')",1
"('самоходный', 'кормосмеситель')",1
"('кормосмеситель', 'мобильный')",1
"('мобильный', 'роторный')",1
"('дробилка', 'автоцистерна')",1
"('автоцистерна', 'транспортировка')",1
"('транспортировка', 'сжиженный')",1
"('газ', 'газонокосильный')",1
"('газонокосильный', 'машина')",1
"('автомобиль', 'бетоносмеситель')",1
"('бетоносмеситель', 'специальный')",1
"('офис', 'специальный')",1
"('автомобиль', 'автодом')",1
"('автодом', 'кран')",1
"('кран', 'гидравлический')",1
"('гидравлический', 'пескоразбрасывать')",1
"('пескоразбрасывать', 'поливомоечный')",1
"('поливомоечный', 'лаборатория')",1
"('ход', 'полноповоротный')",1
"('экскаватор', 'машина')",1
"('самоходный', 'энергетический')",1
"('энергетический', 'ричтрак')",1
"('ричтрак', 'электрический')",1
"('самоходный', 'стреловой')",1
"('стреловой', 'специальный')",1
"('платформа', 'самоходный')",1
"('бурение', 'грузовой')",1
"('грузовой', 'крюковой')",1
"('погрузчик', 'азотный')",1
"('азотный', 'станция')",1
"('станция', 'гусеничный')",1
"('гусеничный', 'стреловой')",1
"('кран', 'полуприцеп')",1
"('тракторный', 'герметичный')",1
"('герметичный', 'карьерный')",1
"('карьерный', 'экскаватор')",1
"('штабелер', 'вилочный')",1
"('самоходный', 'бетононасос')",1
"('бетононасос', 'погрузчик')",1
"('телескопический', 'вилочный')",1
"('вилочный', 'подъемник')",1
"('телескопический', 'рубильный')",1
"('рубильный', 'машина')",1
"('машина', 'лесозаготовительный')",1
"('лесозаготовительный', 'комплекс')",1
"('специальный', 'дорожный')",1
"('машина', 'подъемник')",1
"('многофункциональный', 'специальный')",1
"('специальный', 'сбор')",1
"('сбор', 'нефть')",1
"('нефть', 'газовый')",1
"('конденсат', 'перевозчик')",1
"('перевозчик', 'взрывчатый')",1
"('материал', 'специальный')",1
"('самосвал', 'трактор')",1
"('назначение', 'автобус')",1
"('автобус', 'возможность')",1
"('возможность', 'перевозка')",1
"('инвалид', 'специальный')",1
"('прицеп', 'автодом')",1
"('автодом', 'коленчатый')",1
"('экскаватор', 'фронтальный')",1
"('одноковшовый', 'каток')",1
"('тандемный', 'самоходный')",1
"('самоходный', 'щековый')",1
"('дробилка', 'самоходный')",1
"('самоходный', 'сортировочная')",1
"('установка', 'электрический')",1
"('электрический', 'вилочный')",1
"('погрузчик', 'полумобильный')",1
"('полумобильный', 'вертикальный')",1
"('вертикальный', 'роторный')",1
"('дробилка', 'рефрижератор')",1
"('борт', 'машина')",1
"('коммунальный', 'уборочный')",1
"('уборочный', 'барабанный')",1
"('барабанный', 'грохот')",1
"('грохот', 'снегоболотоход')",1
"('колесный', 'буровой')",1
"('буровой', 'роторный')",1
"('роторный', 'установка')",1
"('специальный', 'разметка')",1
"('разметка', 'дорога')",1
"('дорога', 'прицепной')",1
"('прицепной', 'мини')",1
"('экскаватор', 'специализированный')",1
"('контейнеровоз', 'вибрационный')",1
"('дорожный', 'передвижной')",1
"('передвижной', 'сортировочная')",1
"('установка', 'зернометатель')",1
"('зернометатель', 'кран')",1
"('манипулятор', 'погрузочный')",1
"('погрузочный', 'доставочный')",1
"('доставочный', 'машина')",1
"('гусеничный', 'трактор')",1
"('тягач', 'лебедка')",1
"('лебедка', 'погрузка')",1
"('погрузка', 'груз')",1
"('полуприцеп', 'автопогрузчик')",1
"('самоходный', 'сваебойный')",1
"('средство', 'автоэвакуатор')",1
"('автоэвакуатор', 'подъемник')",1
"('телескопический', 'прицеп')",1
"('тяжеловоз', 'автобетоносмеситель')",1
"('автобетоносмеситель', 'трактор')",1
"('сельскохозяйственный', 'общий')",1
"('полуприцеп', 'тележка')",1
"('тележка', 'перевозка')",1
"('скот', 'экскаватор')",1
"('самоходный', 'бортовый')",1
"('бурение', 'самоходный')",1
"('подъемник', 'стрела')",1
"('стрела', 'пантографный')",1
"('пантографный', 'тип')",1
"('тип', 'самоходный')",1
"('горизонтальный', 'направленный')",1
"('направленный', 'бурение')",1
"('бурение', 'гусеничный')",1
"('вакуумный', 'комбинировать')",1
"('комбинировать', 'специализированный')",1
"('кузов', 'подъемник')",1
"('полноповоротный', 'грузовой')",1
"('борт', 'специализированный')",1
"('изделие', 'подметальный')",1
"('уборочная', 'вакуумный')",1
"('ход', 'установка')",1
"('буровой', 'передвижной')",1
"('передвижной', 'ремонт')",1
"('дорожный', 'асфальтовый')",1
"('асфальтовый', 'специальный')",1
"('загрузка', 'кму')",1
"('погрузчик', 'гидравлический')",1
"('гидравлический', 'экскаватор')",1
"('самоходный', 'роторный')",1
"('измельчитель', 'отходы')",1
"('отходы', 'прицеп')",1
"('прицеп', 'снегоболотоход')",1
"('снегоболотоход', 'вилочный')",1
"('вилочный', 'штабелер')",1
"('штабелер', 'погрузчик')",1
"('гусеничный', 'машина')",1
"('универсальный', 'аэродромный')",1
"('аэродромный', 'перронный')",1
"('перронный', 'автобус')",1
"('автобус', 'самоходный')",1
"('самоходный', 'пассажирский')",1
"('пассажирский', 'трап')",1
"('трап', 'аэродромный')",1
"('аэродромный', 'трап')",1
"('трап', 'самоходный')",1
"('самоходный', 'полуприцеп')",1
"('полуприцеп', 'бункер')",1
"('перегрузчик', 'перевалочный')",1
"('перевалочный', 'машина')",1
"('машина', 'торкерт')",1
"('торкерт', 'установка')",1
"('установка', 'культиватор')",1
"('культиватор', 'глубокорыхлитель')",1
"('глубокорыхлитель', 'полунавесной')",1
"('полунавесной', 'специальный')",1
"('специальный', 'мойщик')",1
"('мойщик', 'контейнер')",1
"('контейнер', 'гусеничный')",1
"('гусеничный', 'финишный')",1
"('финишный', 'з')",1
"('з', 'дековый')",1
"('дековый', 'грохот')",1
"('ход', 'строительный')",1
"('строительный', 'лаборатория')",1
"('лаборатория', 'экскаватор')",1
"('ход', 'буровой')",1
"('буровой', 'крановый')",1
"('крановый', 'установка')",1
"('установка', 'подъемник')",1
"('механизировать', 'мастерский')",1
"('машина', 'трелевочный')",1
"('трелевочный', 'гусеничный')",1
"('полуприцеп', 'низкорамный')",1
"('низкорамный', 'специальный')",1
"('сеть', 'специализированный')",1
"('продукт', 'автопогрузчик')",1
"('дизельный', 'полуприцеп')",1
"('скот', 'автомобиль')",1
"('автомобиль', 'бортовый')",1
"('кму', 'подъемный')",1
"('платформа', 'агрегат')",1
"('поворот', 'передвижной')",1
"('передвижной', 'подъемный')",1
"('медицинский', 'комплекс')",1
"('комплекс', 'специализированный')",1
"('крупногабаритный', 'шина')",1
"('шина', 'буровой')",1
"('буровой', 'фреза')",1
"('фреза', 'колесный')",1
"('трактор', 'экскаватор')",1
"('ход', 'мини')",1
"('мини', 'копровый')",1
"('копровый', 'установка')",1
"('ход', 'бульдозер')",1
"('ход', 'неповоротный')",1
"('отвал', 'бортовой')",1
"('ворота', 'специализированный')",1
"('перевозка', 'водный')",1
"('водный', 'техника')",1
"('техника', 'моторный')",1
"('подогреватель', 'мобильный')",1
"('платформа', 'транспортировщик')",1
"('транспортировщик', 'паллет')",1
"('паллет', 'ножничный')",1
"('подъемник', 'автобус')",1
"('автобус', 'перронный')",1
"('перронный', 'бензиновый')",1
"('бензиновый', 'погрузчик')",1
"('кран', 'решетчатый')",1
"('решетчатый', 'стрела')",1
"('дорожный', 'фронтальный')",1
"('самоходный', 'погрузчик')",1
"('бурильный', 'специальный')",1
"('передвижной', 'комплекс')",1
"('комплекс', 'обеспечение')",1
"('обеспечение', 'безопасность')",1
"('безопасность', 'дорожный')",1
"('дорожный', 'движение')",1
"('движение', 'колесный')",1
"('хозяйство', 'полуприцеп')",1
"('тракторный', 'коммунальный')",1
"('коммунальный', 'дробильный')",1
"('установка', 'роторный')",1
"('роторный', 'кран')",1
"('самоходный', 'короткобазовый')",1
"('короткобазовый', 'шасси')",1
"('шасси', 'фронтальный')",1
"('фронтальный', 'малогабаритный')",1
"('малогабаритный', 'погрузчик')",1
"('специальный', 'насосный')",1
"('насосный', 'агрегат')",1
"('агрегат', 'колесный')",1
"('погрузчик', 'бетонораспределительный')",1
"('бетонораспределительный', 'стрела')",1
"('машина', 'разрушение')",1
"('разрушение', 'специализированный')",1
"('пассажирский', 'автомобиль')",1
"('автомобиль', 'мобильный')",1
"('мобильный', 'конусный')",1
"('конусный', 'дробилка')",1
"('дробилка', 'полуприцеп')",1
"('полуприцеп', 'обработка')",1
"('обработка', 'передвижной')",1
"('лаборатория', 'электрохимзащита')",1
"('электрохимзащита', 'ремонт')",1
"('ремонт', 'трубопровод')",1
"('трубопровод', 'машина')",1
"('машина', 'расчистка')",1
"('расчистка', 'просека')",1
"('просека', 'лесной')",1
"('лесной', 'измельчительный')",1
"('измельчительный', 'комплекс')",1
"('специальный', 'дробильный')",1
"('колесный', 'полноповоротный')",1
"('полноповоротный', 'специальный')",1
"('передвижной', 'экскаватор')",1
"('экскаватор', 'универсальный')",1
"('универсальный', 'колесный')",1
"('одноковшовый', 'гидравлический')",1
"('гидравлический', 'подметальный')",1
"('подметальный', 'всасывающий')",1
"('всасывающий', 'машина')",1
"('грузовой', 'пневмоколесный')",1
"('пневмоколесный', 'карьерный')",1
"('самосвал', 'автобус')",1
"('городской', 'штабелер')",1
"('штабелер', 'самоходный')",1
"('прицеп', 'раздатчик')",1
"('корм', 'тракторный')",1
"('тракторный', 'комбайн')",1
"('картофелеуборочный', 'самоходный')",1
"('самоходный', 'специальный')",1
"('механизировать', 'снегоболотоход')",1
"('снегоболотоход', 'квадроцикл')",1
"('квадроцикл', 'фронтальный')",1
"('стрела', 'вилочный')",1
"('захват', 'погрузчик')",1
"('сельскохозяйственный', 'машина')",1
"('машина', 'аэродромный')",1
"('аэродромный', 'уборочная')",1
"('уборочная', 'культиватор')",1
"('культиватор', 'прицепной')",1
"('прицепной', 'комбинированный')",1
"('комбинированный', 'снегоболотоход')",1
"('телескопический', 'рабочий')",1
"('платформа', 'одноковшовый')",1
"('одноковшовый', 'минипогрузчик')",1
"('минипогрузчик', 'самоходный')",1
"('электропогрузчик', 'специальный')",1
"('специальный', 'аттракцион')",1
"('аттракцион', 'электрокар')",1
"('электрокар', 'ворошитель')",1
"('ворошитель', 'агрегат')",1
"('агрегат', 'передвижной')",1
"('передвижной', 'сварочный')",1
"('сварочный', 'погрузчик')",1
"('захват', 'мобильный')",1
"('установка', 'универсальный')",1
"('погрузчик', 'автопогрузчик')",1
"('автопогрузчик', 'малогабаритный')",1
"('малогабаритный', 'каток')",1
"('дорожный', 'пневмошинный')",1
"('пневмошинный', 'каток')",1
"('комбинированный', 'специальный')",1
"('специальный', 'кабельный')",1
"('кабельный', 'транспортер')",1
"('транспортер', 'бульдозер')",1
"('бульдозер', 'промышленный')",1
"('промышленный', 'средство')",1
"('средство', 'малый')",1
"('малый', 'механизация')",1
"('механизация', 'применение')",1
"('применение', 'механизировать')",1
"('механизировать', 'трактор')",1
"('цистерна', 'тракторный')",1
"('тракторный', 'компрессорный')",1
"('компрессорный', 'винтовой')",1
"('винтовой', 'установка')",1
"('универсальный', 'самоходный')",1
"('разбрасыватель', 'каток')",1
"('дорожный', 'пневмоколесный')",1
"('пневмоколесный', 'экскаватор')",1
"('гусеничный', 'одноковшовый')",1
"('полноповоротный', 'кран')",1
"('кран', 'короткобазный')",1
"('короткобазный', 'специальный')",1
"('класс', 'прицеп')",1
"('подметальный', 'самозагружающийся')",1
"('самозагружающийся', 'погрузчик')",1
"('электрический', 'автомобиль')",1
"('ломовоз', 'гидроманипулятор')",1
"('гидроманипулятор', 'трактор')",1
"('колесный', 'общий')",1
"('передвижной', 'электростанция')",1
"('электростанция', 'рефрижераторный')",1
"('рефрижераторный', 'полуприцеп')",1
"('полуприцеп', 'подъемник')",1
"('подъемник', 'стреловой')",1
"('гусеничный', 'рабочий')",1
"('платформа', 'мобильный')",1
"('стрела', 'косилка')",1
"('косилка', 'сидение')",1
"('сидение', 'полуприцеп')",1
"('грузовой', 'общий')",1
"('назначение', 'ножничный')",1
"('тентованный', 'экскаватор')",1
"('экскаватор', 'траншейный')",1
"('траншейный', 'цепной')",1
"('цепной', 'автоцистерна')",1
"('подъемник', 'дизельный')",1
"('дизельный', 'коленчатый')",1
"('коленчатый', 'каток')",1
"('каток', 'многоцелевой')",1
"('многоцелевой', 'автомобиль')",1
"('автомобиль', 'картофелевоз')",1
"('картофелевоз', 'автомобиль')",1
"('автомобиль', 'сельскохозяйственный')",1
"('назначение', 'вездеход')",1
"('жидкость', 'универсальный')",1
"('универсальный', 'телескопический')",1
"('рефрижератор', 'тележка')",1
"('тележка', 'электрический')",1
"('электрический', 'специальный')",1
"('класс', 'самоходный')",1
"('самозагрузка', 'специальный')",1
"('специальный', 'автотопливомаслозаправщик')",1
"('автотопливомаслозаправщик', 'машина')",1
"('машина', 'перемещение')",1
"('перемещение', 'материал')",1
"('уборочный', 'самоходный')",1
"('ход', 'самоходный')",1
"('гусеничный', 'грохот')",1
"('грохот', 'тандемный')",1
"('тандемный', 'каток')",1
"('каток', 'погрузчик')",1
"('малогабаритный', 'универсальный')",1
"('универсальный', 'экскаватор')",1
"('ход', 'одновальцовый')",1
"('одновальцовый', 'дорожный')",1
"('автомобиль', 'штабной')",1
"('штабной', 'каток')",1
"('вибрационный', 'мобильный')",1
"('ножничный', 'подьемник')",1
"('класс', 'комбайн')",1
"('самоходный', 'трактор')",1
"('трактор', 'лесохозяйственный')",1
"('лесохозяйственный', 'вилочный')",1
"('дизельный', 'самоходный')",1
"('самозагрузка', 'трактор')",1
"('колесный', 'грузовой')",1
"('специальный', 'организация')",1
"('организация', 'бытовой')",1
"('бытовой', 'условие')",1
"('условие', 'проживание')",1
"('проживание', 'копер')",1
"('гусеничный', 'сейсмический')",1
"('сейсмический', 'вибратор')",1
"('вибратор', 'щековый')",1
"('щековый', 'дробильный')",1
"('дробильный', 'машина')",1
"('машина', 'фронтальный')",1
"('поворот', 'мобильный')",1
"('стрела', 'штабелер')",1
"('электрический', 'мобильный')",1
"('мобильный', 'дробилка')",1
"('дробилка', 'гусеничный')",1
"('погрузчик', 'пеноподъемник')",1
"('пеноподъемник', 'пожарный')",1
"('пожарный', 'мобильный')",1
"('платформа', 'телескопический')",1
"('стрела', 'кран')",1
"('кран', 'телескопический')",1
"('телескопический', 'самоходный')",1
"('полноповоротный', 'фронтальный')",1
"('стрела', 'минипогрузчик')",1
"('минипогрузчик', 'фронтальный')",1
"('фронтальный', 'бортовый')",1
"('бетоносмеситель', 'подъемник')",1
"('вибрационный', 'тандемный')",1
"('тандемный', 'экскаватор')",1
"('ход', 'двухковшовый')",1
"('двухковшовый', 'самоходный')",1
"('станок', 'гусеничный')",1
"('ход', 'погрузчик')",1
"('полноповоротный', 'комбайн')",1
"('комбайн', 'свеклоуборочный')",1
"('свеклоуборочный', 'самоходный')",1
"('самоходный', 'четырехколесный')",1
"('четырехколесный', 'вилочный')",1
"('электропогрузчик', 'дизельный')",1
"('полноповоротный', 'автопогрузчик')",1
"('телескопический', 'гусеничный')",1
"('экскаватор', 'мобильный')",1
"('установка', 'грохот')",1
"('экскаватор', 'полноповоротный')",1
"('полноповоротный', 'трактор')",1
"('промышленный', 'универсальный')",1
"('универсальный', 'гусеничный')",1
"('гусеничный', 'роторный')",1
"('роторный', 'дробильный')",1
"('сваебойный', 'буровой')",1
"('специализированный', 'изотермический')",1
"('изотермический', 'установка')",1
"('бурение', 'гнб')",1
"('гнб', 'оборудование')",1
"('оборудование', 'подъемный')",1
"('подъемный', 'транспортный')",1
"('транспортный', 'мобильный')",1
"('ход', 'кран')",1
"('гусеничный', 'погрузчик')",1
"('дизельный', 'фургон')",1
"('фургон', 'лаборатория')",1
"('лаборатория', 'специализированный')",1
"('перевозка', 'мототехника')",1
"('мототехника', 'машина')",1
"('погрузочный', 'уборочная')",1
"('уборочная', 'уплотнитель')",1
"('уплотнитель', 'мусор')",1
"('мусор', 'каток')",1
"('дорожный', 'одновальцовый')",1
"('одновальцовый', 'погрузчик')",1
"('ход', 'электрический')",1
"('ножничный', 'тип')",1
"('тип', 'специализировать')",1
"('специализировать', 'изотермический')",1
"('фургон', 'полуприцеп')",1
"('полуприцеп', 'лесовозный')",1
"('специальный', 'телескопический')",1
"('телескопический', 'фронтальный')",1
"('автоэвакуатор', 'вилочный')",1
"('стрела', 'ножничный')",1
"('колесный', 'подъемник')",1
"('подъемник', 'специализированный')",1
"('изотермический', 'штабелер')",1
"('ричтрак', 'машина')",1
"('погрузочный', 'транспортировать')",1
"('транспортировать', 'форвардер')",1
"('форвардер', 'кран')",1
"('гусеничный', 'телескопический')",1
"('телескопический', 'тягач')",1
"('тягач', 'терминальный')",1
"('терминальный', 'автопогрузчик')",1
"('самоходный', 'землеройный')",1
"('землеройный', 'машина')",1
"('машина', 'холодный')",1
"('холодный', 'дорожный')",1
"('фреза', 'снегоочиститель')",1
"('снегоочиститель', 'плужный')",1
"('плужный', 'м')",1
"('м', 'ломовоз')",1
"('ломовоз', 'гму')",1
"('гму', 'самоходный')",1
"('самоходный', 'грохот')",1
